United States,United States,9638
China,China,5381
Brazil,Brazil,1778
India,India,1093
Canada,Canada,1090
Russia,Russia,935
Australia,Australia,717
Spain,Spain,631
Japan,Japan,543
Mexico,Mexico,472
Italy,Italy,419
Canada,United States,399
United States,Canada,399
France,France,372
United Kingdom,United Kingdom,352
United States,Mexico,341
Mexico,United States,339
Indonesia,Indonesia,334
Iran,Iran,308
Philippines,Philippines,304
Colombia,Colombia,297
Spain,United Kingdom,290
United Kingdom,Spain,289
Norway,Norway,274
Spain,Germany,236
Germany,Spain,232
Malaysia,Malaysia,223
Germany,Germany,218
Turkey,Turkey,200
Greece,Greece,174
Taiwan,China,165
China,Taiwan,165
Sweden,Sweden,163
United States,United Kingdom,161
United Kingdom,United States,159
China,Japan,146
Japan,China,146
Argentina,Argentina,145
Thailand,Thailand,143
South Africa,South Africa,142
Germany,Italy,140
Italy,Germany,138
Saudi Arabia,Saudi Arabia,137
Chile,Chile,124
New Zealand,New Zealand,123
United Kingdom,France,123
France,United Kingdom,122
South Korea,China,121
United Kingdom,Germany,120
China,South Korea,120
Germany,United Kingdom,119
Papua New Guinea,Papua New Guinea,118
Germany,United States,115
United States,Germany,115
Pakistan,Pakistan,112
Vietnam,Vietnam,107
Hong Kong,China,107
China,Hong Kong,107
Bolivia,Bolivia,104
Italy,Spain,103
Spain,Italy,103
Japan,South Korea,103
South Korea,Japan,103
French Polynesia,French Polynesia,102
Venezuela,Venezuela,96
Peru,Peru,96
South Korea,South Korea,92
France,Italy,87
Italy,France,87
Canada,Mexico,86
Japan,United States,86
United States,Japan,86
Kazakhstan,Kazakhstan,85
Portugal,Portugal,84
Mexico,Canada,84
New Zealand,Australia,84
France,Spain,83
Spain,France,83
Australia,New Zealand,79
Russia,Uzbekistan,79
Uzbekistan,Russia,79
France,United States,78
Nigeria,Nigeria,78
United States,France,77
Italy,United Kingdom,75
Finland,Finland,74
Vanuatu,Vanuatu,73
United Kingdom,Italy,73
United States,Bahamas,71
Bahamas,United States,71
Germany,Turkey,70
Germany,Austria,70
France,Algeria,69
Algeria,France,69
Austria,Germany,69
Turkey,Germany,68
Ecuador,Ecuador,67
United Arab Emirates,India,66
India,United Arab Emirates,66
Costa Rica,Costa Rica,64
United Kingdom,Ireland,63
Poland,United Kingdom,62
United Kingdom,Poland,62
Russia,Tajikistan,62
France,Morocco,62
Morocco,France,62
Bahamas,Bahamas,61
Tajikistan,Russia,61
Switzerland,United Kingdom,60
United Kingdom,Switzerland,60
Ireland,United Kingdom,59
Germany,Russia,59
Russia,Germany,59
Romania,Romania,58
Algeria,Algeria,58
Greenland,Greenland,56
Kenya,Kenya,56
France,Germany,56
Germany,Poland,55
Germany,France,55
Solomon Islands,Solomon Islands,54
Indonesia,Singapore,54
Singapore,Indonesia,54
Poland,Germany,54
Taiwan,Taiwan,52
United States,Brazil,52
Brazil,United States,52
Burma,Burma,51
United Kingdom,Netherlands,49
Netherlands,United Kingdom,49
China,United States,49
United States,China,49
United States,Spain,49
Spain,United States,49
Switzerland,Germany,49
Nepal,Nepal,48
Indonesia,Malaysia,48
Puerto Rico,United States,48
Germany,Switzerland,48
Egypt,Egypt,47
United States,Netherlands,46
Netherlands,United States,46
Ukraine,Ukraine,46
Malaysia,Indonesia,46
United States,Puerto Rico,46
Madagascar,Madagascar,45
United Kingdom,Egypt,45
Egypt,United Kingdom,45
United Kingdom,Canada,45
Romania,Italy,44
Italy,Romania,44
Canada,United Kingdom,44
Yemen,Yemen,43
Portugal,Spain,43
Spain,Portugal,43
Dominican Republic,United States,43
United States,Dominican Republic,43
United Kingdom,Portugal,42
Portugal,United Kingdom,42
Russia,Kyrgyzstan,42
Thailand,China,42
China,Thailand,42
Taiwan,Japan,42
Japan,Taiwan,42
Kyrgyzstan,Russia,41
Germany,Egypt,41
United Arab Emirates,Pakistan,41
Tanzania,Tanzania,41
United Arab Emirates,Saudi Arabia,41
Ethiopia,Ethiopia,40
United States,South Korea,40
South Korea,United States,40
Pakistan,United Arab Emirates,40
Russia,Ukraine,40
Ukraine,Russia,40
Saudi Arabia,United Arab Emirates,40
Switzerland,Spain,39
United States,Costa Rica,39
Poland,Poland,38
Angola,Angola,38
Spain,Netherlands,38
Spain,Switzerland,38
Costa Rica,United States,38
United States,Jamaica,38
Cuba,Cuba,38
Singapore,China,38
Netherlands,Spain,37
Jamaica,United States,37
China,Macau,37
Macau,China,37
China,Singapore,37
Norway,United Kingdom,36
United Kingdom,Norway,36
Canada,Cuba,36
Cuba,Canada,36
Saudi Arabia,India,36
India,Saudi Arabia,36
Guam,Japan,35
Japan,Guam,35
Russia,Armenia,35
Armenia,Russia,35
Singapore,Malaysia,35
Malaysia,Singapore,35
Mozambique,Mozambique,34
Ireland,Spain,34
Spain,Ireland,34
China,Russia,34
Egypt,Germany,34
Russia,China,33
Honduras,Honduras,32
Saudi Arabia,Pakistan,32
Egypt,Saudi Arabia,32
Tunisia,France,32
El Salvador,United States,32
United States,El Salvador,32
Cape Verde,Cape Verde,32
Singapore,India,32
India,Singapore,32
Saudi Arabia,Egypt,31
Portugal,France,31
France,Tunisia,31
France,Portugal,31
Singapore,Australia,31
Australia,Singapore,31
Pakistan,Saudi Arabia,30
Belize,Belize,30
Italy,United States,30
United States,Italy,30
United States,Australia,30
Australia,United States,30
Portugal,Germany,30
Germany,Sweden,30
Sweden,Germany,30
Italy,Belgium,29
Belgium,Italy,29
Austria,United Kingdom,29
United Kingdom,Austria,29
Switzerland,United States,29
United States,Switzerland,29
Belgium,Spain,28
Russia,Czech Republic,28
Czech Republic,Russia,28
United Kingdom,Sweden,28
Sweden,United Kingdom,28
Panama,United States,28
United States,Panama,28
Germany,Portugal,28
Brazil,Argentina,27
Argentina,Brazil,27
United States,Colombia,27
Colombia,United States,27
Morocco,Spain,27
Spain,Morocco,27
Spain,Belgium,26
Fiji,Fiji,26
Japan,Hong Kong,26
Hong Kong,Japan,26
France,Netherlands,26
Netherlands,France,26
United Kingdom,Denmark,25
Denmark,United Kingdom,25
Italy,Netherlands,25
Netherlands,Italy,25
Belgium,United Kingdom,25
Kazakhstan,Russia,25
South Korea,Philippines,25
Philippines,South Korea,25
Tanzania,Kenya,25
Germany,Netherlands,25
Netherlands,Germany,25
Denmark,Germany,25
Germany,Denmark,25
Sudan,Sudan,24
Malaysia,Thailand,24
Thailand,Malaysia,24
United Kingdom,Belgium,24
Austria,Spain,24
Spain,Austria,24
Russia,Kazakhstan,24
United States,Netherlands Antilles,24
India,Thailand,24
Thailand,India,24
Germany,Romania,24
Romania,Germany,24
Singapore,Thailand,24
Thailand,Singapore,24
Denmark,Norway,23
Ireland,United States,23
Guatemala,United States,23
United States,Guatemala,23
Kenya,Tanzania,23
Germany,Serbia,23
Serbia,Germany,23
Uzbekistan,Uzbekistan,22
Austria,Russia,22
Russia,Austria,22
Iran,United Arab Emirates,22
United Arab Emirates,Iran,22
Spain,Denmark,22
Australia,Indonesia,22
Norway,Denmark,22
Poland,Italy,22
Italy,Poland,22
Albania,Italy,22
Italy,Albania,22
China,Malaysia,22
Malaysia,China,22
Germany,Norway,22
Norway,Germany,22
Virgin Islands,United States,22
United Arab Emirates,Oman,22
United States,Belgium,22
Belgium,United States,22
Netherlands Antilles,United States,22
Bangladesh,Bangladesh,22
Russia,Azerbaijan,22
Denmark,Spain,21
Indonesia,Australia,21
Portugal,Italy,21
Russia,Italy,21
Italy,Portugal,21
Finland,Germany,21
Germany,Finland,21
United States,Aruba,21
United States,Virgin Islands,21
Aruba,United States,21
United States,Hong Kong,21
Hong Kong,United States,21
South Korea,Thailand,21
Thailand,South Korea,21
Greece,Germany,21
Germany,Greece,21
Azerbaijan,Russia,21
Finland,Sweden,21
Sweden,Finland,21
New Caledonia,New Caledonia,20
Norway,Spain,20
Spain,Norway,20
Denmark,Denmark,20
Hong Kong,Thailand,20
Thailand,Hong Kong,20
Australia,Thailand,20
Thailand,Australia,20
Italy,Russia,20
Morocco,Morocco,20
United States,Ireland,20
Honduras,United States,20
United States,Honduras,20
Oman,United Arab Emirates,20
United Kingdom,United Arab Emirates,20
United Arab Emirates,United Kingdom,20
United Kingdom,Cyprus,20
Cyprus,United Kingdom,20
Norway,Poland,19
Poland,Norway,19
Russia,United Arab Emirates,19
United Arab Emirates,Russia,19
Canada,Germany,19
Germany,Canada,19
Tunisia,Tunisia,19
United States,Cayman Islands,19
United Kingdom,India,19
Germany,Hungary,19
Hungary,Germany,19
Philippines,China,19
China,Philippines,19
Russia,Thailand,18
Thailand,Russia,18
Romania,Spain,18
Spain,Romania,18
Portugal,Brazil,18
Brazil,Portugal,18
Saudi Arabia,Yemen,18
Yemen,Saudi Arabia,18
Malta,United Kingdom,18
United Kingdom,Malta,18
Belgium,France,18
Germany,United Arab Emirates,18
Taiwan,United States,18
Cayman Islands,United States,18
India,Sri Lanka,18
Oman,India,18
India,Oman,18
Switzerland,Italy,18
Italy,Switzerland,18
Russia,Spain,17
Spain,Russia,17
Poland,Ireland,17
Ireland,Poland,17
Kuwait,Egypt,17
Egypt,Kuwait,17
Russia,Turkey,17
Turkey,Russia,17
Japan,Thailand,17
United Kingdom,Isle of Man,17
Isle of Man,United Kingdom,17
Spain,Sweden,17
Sweden,Spain,17
Singapore,Japan,17
Japan,Singapore,17
France,Belgium,17
Canada,Dominican Republic,17
Germany,China,17
China,Germany,17
United Arab Emirates,Germany,17
Germany,Tunisia,17
Tunisia,Germany,17
Peru,United States,17
United States,Taiwan,17
United States,Peru,17
Malaysia,India,17
Sri Lanka,India,17
India,United Kingdom,17
India,Malaysia,17
United States,Russia,17
Russia,United States,17
Panama,Panama,16
Vietnam,Japan,16
Japan,Vietnam,16
Thailand,Japan,16
China,Australia,16
Australia,China,16
Iran,Turkey,16
Turkey,Iran,16
Czech Republic,Italy,16
Italy,Czech Republic,16
Germany,India,16
France,Switzerland,16
Switzerland,France,16
Canada,Jamaica,16
Jamaica,Canada,16
Dominican Republic,Canada,16
Austria,Italy,16
Italy,Austria,16
South Africa,Mozambique,16
Brazil,Uruguay,15
Oman,Pakistan,15
Pakistan,Oman,15
Australia,Malaysia,15
Malaysia,Australia,15
Cameroon,Cameroon,15
Taiwan,Vietnam,15
Vietnam,Taiwan,15
Qatar,India,15
India,Qatar,15
Mozambique,South Africa,15
Somalia,Somalia,15
Croatia,Germany,15
Germany,Croatia,15
Vietnam,China,15
China,Vietnam,15
Germany,Belgium,14
Belgium,Germany,14
Japan,Australia,14
Australia,Japan,14
Cook Islands,Cook Islands,14
Egypt,United Arab Emirates,14
United Arab Emirates,Egypt,14
Uruguay,Brazil,14
Brazil,Germany,14
Finland,Spain,14
Spain,Finland,14
India,Germany,14
Rwanda,Uganda,14
Cameroon,Congo (Kinshasa),14
Austria,Romania,14
Romania,Austria,14
Ukraine,Turkey,14
Turkey,Ukraine,14
Turkey,Cyprus,14
Cyprus,Turkey,14
Bangladesh,United Arab Emirates,14
Morocco,Germany,14
Germany,Morocco,14
Singapore,Philippines,14
Philippines,Singapore,14
Germany,Ukraine,13
Ukraine,Germany,13
South Korea,Vietnam,13
Vietnam,South Korea,13
Austria,Egypt,13
Poland,Spain,13
Spain,Poland,13
Germany,Brazil,13
China,Netherlands,13
Netherlands,China,13
China,United Arab Emirates,13
Norway,Sweden,13
United Arab Emirates,China,13
Guernsey,United Kingdom,13
United Kingdom,Guernsey,13
Jersey,United Kingdom,13
Hong Kong,Australia,13
Malta,Italy,13
Italy,Malta,13
Norway,Netherlands,13
Netherlands,Norway,13
United Kingdom,Morocco,13
Morocco,United Kingdom,13
Canada,France,13
France,Canada,13
Austria,Switzerland,13
United States,New Zealand,13
United States,United Arab Emirates,13
United Arab Emirates,United States,13
Italy,Greece,13
Greece,Italy,13
Netherlands Antilles,Netherlands Antilles,13
Israel,Russia,13
Russia,Israel,13
Argentina,United States,13
United States,Argentina,13
United Arab Emirates,Bangladesh,13
Saudi Arabia,Syria,12
Syria,Saudi Arabia,12
Laos,Laos,12
Austria,Ukraine,12
Ukraine,Austria,12
Turkey,Switzerland,12
Switzerland,Turkey,12
Kuwait,Saudi Arabia,12
Austria,Austria,12
Sweden,Poland,12
Poland,Sweden,12
Ukraine,United Arab Emirates,12
Vietnam,Thailand,12
Thailand,Vietnam,12
United Arab Emirates,Ukraine,12
Germany,Ireland,12
Ireland,Germany,12
Australia,Hong Kong,12
United Kingdom,Jersey,12
Italy,Turkey,12
Italy,Hungary,12
Turkey,Italy,12
Hungary,Italy,12
Ghana,Ghana,12
Panama,Colombia,12
Colombia,Panama,12
Italy,Egypt,12
France,Denmark,12
Denmark,France,12
Canada,China,12
Chile,Argentina,12
China,Canada,12
Switzerland,Austria,12
United Kingdom,Turkey,12
Turkey,United Kingdom,12
Puerto Rico,Virgin Islands,12
Israel,Germany,12
Germany,Israel,12
Switzerland,Egypt,12
Morocco,Italy,12
Italy,Morocco,12
Singapore,Vietnam,12
Vietnam,Singapore,12
Maldives,Maldives,11
Saudi Arabia,Kuwait,11
Austria,Netherlands,11
Netherlands,Austria,11
Egypt,Austria,11
Lithuania,United Kingdom,11
United Kingdom,Lithuania,11
Kuwait,Iran,11
Iran,Kuwait,11
Yemen,United Arab Emirates,11
United Arab Emirates,Yemen,11
Syria,United Arab Emirates,11
Sweden,Norway,11
Saudi Arabia,Bahrain,11
Bahrain,Saudi Arabia,11
Czech Republic,United Kingdom,11
United Kingdom,Czech Republic,11
Estonia,Finland,11
Finland,Estonia,11
Bahrain,United Arab Emirates,11
United Arab Emirates,Kuwait,11
United Arab Emirates,Bahrain,11
Egypt,Italy,11
Poland,France,11
France,Poland,11
France,Sweden,11
Sweden,France,11
Taiwan,South Korea,11
South Korea,Taiwan,11
Rwanda,Kenya,11
Belgium,Cameroon,11
Chile,Peru,11
Turks and Caicos Islands,United States,11
United States,Turks and Caicos Islands,11
Bahrain,Qatar,11
New Zealand,United States,11
Virgin Islands,Puerto Rico,11
Puerto Rico,Puerto Rico,11
South Korea,Hong Kong,11
Hong Kong,South Korea,11
Nepal,India,11
India,Nepal,11
Uruguay,Argentina,11
Czech Republic,Germany,11
Germany,Bulgaria,11
Germany,Czech Republic,11
Egypt,Switzerland,11
Morocco,Belgium,11
Belgium,Morocco,11
Sweden,Denmark,11
Denmark,Sweden,11
Namibia,Namibia,10
Saudi Arabia,Turkey,10
Turkey,Saudi Arabia,10
Jordan,Saudi Arabia,10
Austria,Turkey,10
Turkey,Austria,10
Reunion,Madagascar,10
Russia,South Korea,10
South Korea,Russia,10
Germany,Luxembourg,10
Portugal,Netherlands,10
Netherlands,Portugal,10
United Arab Emirates,Syria,10
United Arab Emirates,Jordan,10
Jordan,United Arab Emirates,10
Fiji,Australia,10
Australia,Fiji,10
Portugal,United States,10
Saudi Arabia,Germany,10
United States,Portugal,10
Australia,United Arab Emirates,10
United Arab Emirates,Australia,10
United Arab Emirates,South Africa,10
Kuwait,United Arab Emirates,10
Mexico,Spain,10
Spain,Mexico,10
Hong Kong,Malaysia,10
Malaysia,Hong Kong,10
Spain,Algeria,10
Algeria,Spain,10
Ireland,France,10
France,Ireland,10
Netherlands,United Arab Emirates,10
Taiwan,Hong Kong,10
Hong Kong,Taiwan,10
Congo (Kinshasa),Cameroon,10
Argentina,Chile,10
Vietnam,Hong Kong,10
Chile,United States,10
Hong Kong,Vietnam,10
Qatar,Bahrain,10
United Kingdom,Greece,10
Greece,United Kingdom,10
Hong Kong,India,10
India,Hong Kong,10
Israel,Israel,10
Argentina,Uruguay,10
Philippines,Japan,10
Japan,Philippines,10
Singapore,Hong Kong,10
Hong Kong,Singapore,10
Hong Kong,Philippines,10
Philippines,Hong Kong,10
Ecuador,Colombia,10
United States,Ecuador,10
Ecuador,United States,10
Colombia,Ecuador,10
Saudi Arabia,Jordan,9
Zambia,Zambia,9
Lebanon,Saudi Arabia,9
Madagascar,Reunion,9
Portugal,Switzerland,9
Switzerland,Portugal,9
Sudan,Saudi Arabia,9
Saudi Arabia,Sudan,9
Malta,Germany,9
Japan,Germany,9
Germany,Japan,9
Czech Republic,Spain,9
Spain,Czech Republic,9
Luxembourg,Germany,9
Russia,Egypt,9
Egypt,Russia,9
Indonesia,Thailand,9
Thailand,Indonesia,9
Portugal,Belgium,9
Belgium,Portugal,9
Syria,Iran,9
United Arab Emirates,Sudan,9
Italy,Sweden,9
Sweden,Italy,9
Australia,Vanuatu,9
Malaysia,Japan,9
Japan,Malaysia,9
Germany,Saudi Arabia,9
Papua New Guinea,Australia,9
Australia,Papua New Guinea,9
Spain,Brazil,9
Brazil,Spain,9
Latvia,Germany,9
Latvia,Norway,9
Germany,Latvia,9
Norway,Latvia,9
Tanzania,Ethiopia,9
Bulgaria,United Kingdom,9
Singapore,Germany,9
United Kingdom,Bulgaria,9
Germany,Singapore,9
Belarus,Russia,9
Russia,Belarus,9
South Africa,United Arab Emirates,9
Turkey,France,9
France,Turkey,9
Canada,Switzerland,9
Switzerland,Canada,9
Burundi,Kenya,9
Austria,France,9
Dominican Republic,Germany,9
Germany,Dominican Republic,9
Germany,Thailand,9
France,Austria,9
United States,Nicaragua,9
Nicaragua,United States,9
United States,Chile,9
United States,Belize,9
Sri Lanka,United Arab Emirates,9
Belize,United States,9
United Arab Emirates,Sri Lanka,9
United States,India,9
India,United States,9
United States,Venezuela,9
Venezuela,United States,9
Cyprus,Greece,9
Haiti,United States,9
United States,Haiti,9
Bulgaria,Germany,9
Bangladesh,India,9
India,Bangladesh,9
Burkina Faso,Benin,9
Benin,Burkina Faso,9
Sri Lanka,Sri Lanka,8
Cape Verde,United Kingdom,8
United Kingdom,Cape Verde,8
Croatia,Croatia,8
Australia,Norfolk Island,8
Saudi Arabia,Lebanon,8
Poland,Ukraine,8
Ukraine,Poland,8
Germany,Malta,8
Turkey,Iraq,8
Iraq,Turkey,8
Syria,Syria,8
Ukraine,Spain,8
Mali,Mali,8
Poland,Netherlands,8
Netherlands,Poland,8
Switzerland,Switzerland,8
Afghanistan,Iran,8
Iran,Syria,8
United Arab Emirates,Qatar,8
Italy,Ireland,8
Ireland,Italy,8
Dominican Republic,Spain,8
Switzerland,Denmark,8
Denmark,Switzerland,8
Canada,Netherlands,8
Qatar,Saudi Arabia,8
Saudi Arabia,Qatar,8
Netherlands,Canada,8
Micronesia,Micronesia,8
United States,Denmark,8
Qatar,Germany,8
Denmark,United States,8
Jamaica,Jamaica,8
Latvia,United Kingdom,8
Latvia,Russia,8
United Kingdom,Latvia,8
Russia,Latvia,8
Taiwan,Thailand,8
Thailand,Taiwan,8
Botswana,Botswana,8
Qatar,United Arab Emirates,8
Kenya,Ethiopia,8
Ethiopia,Tanzania,8
Namibia,South Africa,8
Tunisia,United Kingdom,8
United Kingdom,Russia,8
United Kingdom,South Africa,8
United Kingdom,Tunisia,8
United Kingdom,Hungary,8
South Africa,Namibia,8
Russia,United Kingdom,8
South Africa,United Kingdom,8
Hungary,United Kingdom,8
Bulgaria,Italy,8
Nigeria,Ghana,8
Ukraine,Italy,8
Italy,Bulgaria,8
Italy,Ukraine,8
Italy,Serbia,8
Serbia,Italy,8
Netherlands,Denmark,8
Denmark,Netherlands,8
Finland,Denmark,8
Denmark,Finland,8
Tunisia,Italy,8
Italy,Tunisia,8
Taiwan,Malaysia,8
Malaysia,Taiwan,8
China,India,8
India,China,8
Czech Republic,France,8
Romania,France,8
Russia,France,8
Kuwait,Bahrain,8
France,Czech Republic,8
France,Romania,8
France,Russia,8
Bahrain,Kuwait,8
United Arab Emirates,Netherlands,8
Angola,Congo (Kinshasa),8
Austria,Denmark,8
Austria,Sweden,8
Cyprus,Germany,8
Denmark,Austria,8
Thailand,Germany,8
Sweden,Austria,8
Peru,Chile,8
United States,Bermuda,8
United States,Antigua and Barbuda,8
Bermuda,United States,8
Greece,Cyprus,8
Kuwait,India,8
Belgium,Canada,8
India,Bahrain,8
Bahrain,India,8
Cameroon,Central African Republic,8
Central African Republic,Cameroon,8
Cuba,Mexico,8
Morocco,Netherlands,8
Taiwan,Singapore,8
Singapore,Taiwan,8
Cambodia,Cambodia,8
Cameroon,Benin,8
Benin,Cameroon,8
Cape Verde,Portugal,7
Portugal,Cape Verde,7
Russia,Vietnam,7
Vietnam,Russia,7
Pakistan,United Kingdom,7
United Kingdom,Pakistan,7
Laos,Thailand,7
Thailand,Laos,7
Pakistan,Qatar,7
Qatar,Pakistan,7
Mayotte,Madagascar,7
Israel,Ukraine,7
Ukraine,Israel,7
Vietnam,Cambodia,7
Cambodia,Vietnam,7
Peru,Brazil,7
Brazil,Peru,7
Syria,Kuwait,7
Spain,Turkey,7
Turkey,Spain,7
Russia,Switzerland,7
Switzerland,Russia,7
Poland,Belgium,7
Sweden,Belgium,7
Belgium,Poland,7
Belgium,Sweden,7
Bulgaria,Spain,7
Spain,Bulgaria,7
Iran,Afghanistan,7
Singapore,United Arab Emirates,7
Sudan,United Arab Emirates,7
Turkey,United Arab Emirates,7
United Arab Emirates,Singapore,7
United Arab Emirates,Turkey,7
United Arab Emirates,Iraq,7
Iraq,United Arab Emirates,7
Spain,Dominican Republic,7
Italy,Denmark,7
Denmark,Italy,7
Liberia,Ghana,7
United States,Turkey,7
Turkey,United States,7
Ghana,Liberia,7
Vanuatu,Australia,7
Cambodia,China,7
China,Cambodia,7
Pakistan,Thailand,7
Thailand,Pakistan,7
Israel,United States,7
Germany,Qatar,7
United States,Israel,7
Panama,Brazil,7
Brazil,Panama,7
Hong Kong,Indonesia,7
Indonesia,Hong Kong,7
Switzerland,Sweden,7
Sweden,Switzerland,7
Turkey,China,7
China,Turkey,7
Taiwan,Indonesia,7
Indonesia,Taiwan,7
Uganda,Rwanda,7
Ethiopia,Kenya,7
China,United Kingdom,7
Mauritius,South Africa,7
United Kingdom,China,7
United Kingdom,Mexico,7
United Kingdom,Barbados,7
South Africa,Mauritius,7
China,Italy,7
Switzerland,United Arab Emirates,7
Italy,China,7
United Arab Emirates,Switzerland,7
Latvia,Finland,7
Finland,Latvia,7
Finland,Switzerland,7
Panama,Mexico,7
Mexico,Panama,7
Malaysia,Vietnam,7
Vietnam,Malaysia,7
Romania,United Kingdom,7
Norway,France,7
United Kingdom,Romania,7
France,Norway,7
France,China,7
China,France,7
Switzerland,Netherlands,7
Netherlands,Switzerland,7
Jordan,Syria,7
Congo (Kinshasa),Belgium,7
Cameroon,Belgium,7
Guinea,Gambia,7
Belgium,Angola,7
Belgium,Rwanda,7
Gambia,Guinea,7
Cote d'Ivoire,Togo,7
Germany,Cyprus,7
Germany,Jordan,7
Jordan,Germany,7
Trinidad and Tobago,United States,7
Fiji,United States,7
United States,Trinidad and Tobago,7
United States,Fiji,7
Antigua and Barbuda,United States,7
Albania,Greece,7
Spain,Greece,7
Greece,Albania,7
Greece,Spain,7
Canada,Belgium,7
India,Kuwait,7
India,Belgium,7
Burma,China,7
China,Burma,7
Finland,Russia,7
Russia,Finland,7
Bolivia,Peru,7
Peru,Bolivia,7
Taiwan,Philippines,7
Philippines,Taiwan,7
Afghanistan,United Arab Emirates,7
United Arab Emirates,Afghanistan,7
China,Indonesia,7
Indonesia,China,7
France,Guadeloupe,7
Guadeloupe,France,7
Netherlands,Morocco,7
Czech Republic,Poland,7
Poland,Czech Republic,7
Burkina Faso,Niger,7
Niger,Burkina Faso,7
Saudi Arabia,Sri Lanka,6
Sri Lanka,Saudi Arabia,6
Portugal,Canada,6
Afghanistan,Afghanistan,6
Cambodia,Laos,6
Laos,Cambodia,6
United States,Qatar,6
Qatar,United States,6
Estonia,Estonia,6
Czech Republic,Ukraine,6
Ukraine,Czech Republic,6
Iceland,Iceland,6
Norfolk Island,Australia,6
Mauritius,Reunion,6
Madagascar,Mayotte,6
Switzerland,Belgium,6
Belgium,Switzerland,6
Poland,United States,6
United States,Poland,6
Libya,Libya,6
Saudi Arabia,Oman,6
Oman,Saudi Arabia,6
Germany,South Africa,6
South Africa,Germany,6
Luxembourg,Spain,6
Spain,Luxembourg,6
Cayman Islands,Cayman Islands,6
Kuwait,Pakistan,6
Pakistan,Kuwait,6
Kenya,Congo (Kinshasa),6
South Korea,Australia,6
Australia,South Korea,6
Turkey,Kazakhstan,6
Kazakhstan,Turkey,6
Turks and Caicos Islands,Turks and Caicos Islands,6
Vietnam,Australia,6
Australia,Vietnam,6
Japan,New Zealand,6
Spain,Venezuela,6
Spain,Ukraine,6
Netherlands,Czech Republic,6
Czech Republic,Netherlands,6
Netherlands,Egypt,6
Pakistan,Bahrain,6
Japan,Indonesia,6
Indonesia,Japan,6
Chile,Brazil,6
Brazil,Chile,6
Brazil,Paraguay,6
Poland,Russia,6
Russia,Poland,6
Slovakia,United Kingdom,6
United Kingdom,Slovakia,6
Fiji,New Zealand,6
New Zealand,Fiji,6
Cameroon,Gabon,6
Qatar,Iran,6
Iran,Qatar,6
Japan,United Arab Emirates,6
United Arab Emirates,Japan,6
United Arab Emirates,Lebanon,6
Sri Lanka,Maldives,6
Lebanon,United Arab Emirates,6
Poland,Denmark,6
Denmark,Poland,6
Hungary,Sweden,6
Serbia,Sweden,6
Sweden,Hungary,6
Sweden,Serbia,6
Ghana,Nigeria,6
Malaysia,South Korea,6
South Korea,Malaysia,6
Northern Mariana Islands,Northern Mariana Islands,6
Sierra Leone,Gambia,6
Gambia,Sierra Leone,6
Ghana,Togo,6
Honduras,Costa Rica,6
Macau,Taiwan,6
Taiwan,Macau,6
Uganda,Ethiopia,6
Ethiopia,Uganda,6
Zambia,South Africa,6
United Kingdom,Brazil,6
United Kingdom,Croatia,6
Jamaica,United Kingdom,6
South Africa,Zambia,6
South Africa,Zimbabwe,6
Zimbabwe,South Africa,6
Brazil,United Kingdom,6
Croatia,United Kingdom,6
Barbados,United Kingdom,6
Latvia,Italy,6
Luxembourg,Italy,6
Italy,Latvia,6
Italy,Luxembourg,6
Thailand,United Arab Emirates,6
United Arab Emirates,Thailand,6
Sweden,Netherlands,6
Netherlands,Sweden,6
United Kingdom,Finland,6
Japan,Finland,6
Finland,United Kingdom,6
Finland,Japan,6
Switzerland,Finland,6
Congo (Kinshasa),Congo (Kinshasa),6
Peru,Argentina,6
Argentina,Peru,6
Russia,India,6
Singapore,South Korea,6
Mauritius,India,6
South Korea,Singapore,6
India,Russia,6
India,Mauritius,6
Reunion,France,6
Dominican Republic,France,6
French Polynesia,United States,6
France,Reunion,6
United States,French Polynesia,6
Sudan,Ethiopia,6
Japan,France,6
Vietnam,France,6
France,Netherlands Antilles,6
France,Dominican Republic,6
France,Japan,6
France,Vietnam,6
France,United Arab Emirates,6
United Arab Emirates,France,6
Ethiopia,Sudan,6
Canada,Bahamas,6
Saudi Arabia,United Kingdom,6
Liberia,Cote d'Ivoire,6
Burkina Faso,Belgium,6
Kenya,Belgium,6
United Kingdom,Saudi Arabia,6
Togo,Belgium,6
Bahamas,Canada,6
Uganda,Belgium,6
Belgium,Liberia,6
Belgium,Burkina Faso,6
Belgium,Burundi,6
Belgium,Gambia,6
Belgium,Cote d'Ivoire,6
Gambia,Belgium,6
Cote d'Ivoire,Belgium,6
Cuba,Germany,6
Austria,Bulgaria,6
Austria,Serbia,6
Bulgaria,Austria,6
Serbia,Austria,6
Germany,Cuba,6
Canada,Japan,6
Canada,Hong Kong,6
Puerto Rico,Dominican Republic,6
Japan,Canada,6
United States,Jordan,6
Hong Kong,Canada,6
United States,Barbados,6
Jordan,United States,6
Ukraine,Georgia,6
Georgia,Ukraine,6
Turkey,Greece,6
Greece,Turkey,6
Belgium,India,6
Moldova,Italy,6
Italy,Moldova,6
Cyprus,Russia,6
Russia,Cyprus,6
Netherlands Antilles,Venezuela,6
Venezuela,Netherlands Antilles,6
Burma,Thailand,6
Thailand,Burma,6
Argentina,Bolivia,6
Philippines,Malaysia,6
Macau,Philippines,6
Philippines,Macau,6
Philippines,Thailand,6
Thailand,Philippines,6
Malaysia,Philippines,6
Serbia,Switzerland,6
Switzerland,Serbia,6
Mexico,Cuba,6
Saudi Arabia,Bangladesh,6
Bangladesh,Saudi Arabia,6
Bangladesh,Thailand,6
Thailand,Bangladesh,6
Guadeloupe,Guadeloupe,6
Netherlands Antilles,Aruba,6
Aruba,Netherlands Antilles,6
Singapore,Cambodia,6
Rwanda,Rwanda,5
Canada,Portugal,5
Iraq,Jordan,5
Jordan,Iraq,5
Laos,Vietnam,5
Vietnam,Laos,5
Portugal,Denmark,5
Denmark,Portugal,5
New Caledonia,Australia,5
Australia,New Caledonia,5
Ukraine,Kazakhstan,5
Kazakhstan,Ukraine,5
Egypt,Syria,5
Syria,Egypt,5
Reunion,Mauritius,5
Romania,Hungary,5
Hungary,Romania,5
Egypt,Libya,5
Libya,Egypt,5
Cambodia,South Korea,5
South Korea,Cambodia,5
Bhutan,India,5
India,Bhutan,5
Montenegro,Serbia,5
Serbia,Montenegro,5
Philippines,Australia,5
Australia,Philippines,5
Kuwait,Syria,5
Egypt,Yemen,5
Yemen,Egypt,5
Iran,Germany,5
Germany,Iran,5
Israel,Spain,5
Spain,Egypt,5
Venezuela,Spain,5
Egypt,Spain,5
Spain,Israel,5
Russia,Japan,5
Japan,Russia,5
Turkey,Netherlands,5
Egypt,Netherlands,5
Netherlands,Turkey,5
Bahrain,Pakistan,5
Paraguay,Brazil,5
Russia,Bulgaria,5
Bulgaria,Russia,5
Nepal,United Arab Emirates,5
United Arab Emirates,Kazakhstan,5
Kazakhstan,United Arab Emirates,5
Sudan,South Sudan,5
South Sudan,Sudan,5
Kenya,United Arab Emirates,5
Maldives,Sri Lanka,5
Malaysia,United Arab Emirates,5
United Arab Emirates,Kenya,5
United Arab Emirates,Malaysia,5
Sudan,Egypt,5
Egypt,Sudan,5
Egypt,Jordan,5
Jordan,Egypt,5
Estonia,Norway,5
Austria,Norway,5
Norway,Estonia,5
Norway,Austria,5
China,Kazakhstan,5
Kyrgyzstan,China,5
Kazakhstan,China,5
Hong Kong,Russia,5
Russia,Hong Kong,5
Argentina,Cuba,5
Austria,United States,5
Kazakhstan,Germany,5
Liberia,Belgium,5
Marshall Islands,Marshall Islands,5
United States,Austria,5
United States,Ghana,5
Germany,Kazakhstan,5
Germany,Nigeria,5
United States,Sweden,5
Mali,Ghana,5
Sweden,United States,5
Ghana,United States,5
Ghana,Mali,5
Nigeria,Germany,5
Cote d'Ivoire,Liberia,5
Costa Rica,Honduras,5
China,New Zealand,5
Pakistan,China,5
China,Pakistan,5
New Zealand,China,5
Lithuania,Sweden,5
Sweden,Lithuania,5
South Africa,Botswana,5
Botswana,South Africa,5
Ethiopia,Italy,5
Israel,United Kingdom,5
Singapore,United Kingdom,5
United Kingdom,Israel,5
United Kingdom,Singapore,5
United Kingdom,Ukraine,5
United Kingdom,Japan,5
United Kingdom,Hong Kong,5
United Kingdom,Gibraltar,5
United Kingdom,Thailand,5
United Kingdom,Nigeria,5
United Kingdom,Jamaica,5
Ukraine,United Kingdom,5
Japan,United Kingdom,5
Hong Kong,United Kingdom,5
Gibraltar,United Kingdom,5
Mexico,United Kingdom,5
Thailand,United Kingdom,5
Nigeria,United Kingdom,5
Cuba,Italy,5
Kenya,Italy,5
Italy,United Arab Emirates,5
Cyprus,Italy,5
Italy,Cyprus,5
United Arab Emirates,Italy,5
Jordan,Italy,5
Estonia,Sweden,5
Finland,Italy,5
Finland,Belgium,5
Italy,Finland,5
Belgium,Finland,5
Sweden,Estonia,5
Guatemala,El Salvador,5
Venezuela,Colombia,5
Colombia,Venezuela,5
Colombia,Spain,5
Spain,Colombia,5
Argentina,Spain,5
Spain,Argentina,5
Mexico,Peru,5
Peru,Mexico,5
India,Ethiopia,5
Ethiopia,India,5
Netherlands Antilles,France,5
Cambodia,Thailand,5
Kenya,Rwanda,5
Zambia,Kenya,5
Zambia,Zimbabwe,5
Malawi,Zambia,5
Rwanda,Burundi,5
Djibouti,Ethiopia,5
Syria,Jordan,5
Mexico,France,5
France,Cameroon,5
France,Mexico,5
France,Egypt,5
Thailand,Cambodia,5
Burundi,Rwanda,5
Lithuania,Germany,5
Iran,Armenia,5
Germany,Lithuania,5
Armenia,Iran,5
Saint Lucia,United States,5
United States,Saint Lucia,5
Spain,Hungary,5
Dominican Republic,Puerto Rico,5
United Kingdom,Bahrain,5
Barbados,United States,5
Bahrain,United Kingdom,5
Bulgaria,Greece,5
France,Greece,5
Greece,Bulgaria,5
Greece,France,5
Greece,Russia,5
Russia,Greece,5
Moldova,Russia,5
Russia,Moldova,5
Israel,Italy,5
Italy,Israel,5
Norway,Russia,5
Russia,Norway,5
Bolivia,Argentina,5
Brazil,Bolivia,5
Kenya,South Sudan,5
South Sudan,Kenya,5
Afghanistan,India,5
India,Afghanistan,5
Cambodia,Singapore,5
Gabon,Benin,5
Senegal,Mali,5
Benin,Gabon,5
Mali,Senegal,5
Yemen,Somalia,4
Oman,Oman,4
Cape Verde,Spain,4
Spain,Cape Verde,4
Zimbabwe,Zimbabwe,4
Switzerland,Tunisia,4
Tunisia,Switzerland,4
El Salvador,Honduras,4
Honduras,El Salvador,4
Saudi Arabia,United States,4
Saudi Arabia,Italy,4
United States,Saudi Arabia,4
Italy,Saudi Arabia,4
Russia,Dominican Republic,4
Dominican Republic,Russia,4
Indonesia,Russia,4
Singapore,United States,4
United States,Singapore,4
Turkey,Syria,4
Syria,Turkey,4
Qatar,China,4
Qatar,Syria,4
China,Qatar,4
Kyrgyzstan,Kyrgyzstan,4
Australia,South Africa,4
South Africa,Australia,4
Turkey,Pakistan,4
Pakistan,Turkey,4
Georgia,Turkey,4
Turkey,Georgia,4
Croatia,Italy,4
Italy,Croatia,4
Macau,Japan,4
Japan,Macau,4
Japan,Turkey,4
Turkey,Japan,4
Laos,China,4
China,Laos,4
Turkey,Egypt,4
Qatar,Egypt,4
Egypt,Turkey,4
Egypt,Qatar,4
Malaysia,Pakistan,4
Pakistan,Malaysia,4
Madagascar,Comoros,4
Comoros,Madagascar,4
Ukraine,Hungary,4
Hungary,Ukraine,4
Israel,Switzerland,4
Switzerland,Israel,4
Costa Rica,El Salvador,4
El Salvador,Costa Rica,4
Peru,Costa Rica,4
Poland,Switzerland,4
Austria,Poland,4
Poland,Austria,4
Switzerland,Poland,4
Tunisia,Libya,4
Libya,Tunisia,4
Peru,Ecuador,4
Ecuador,Peru,4
Ecuador,Venezuela,4
Venezuela,Ecuador,4
Macedonia,Italy,4
Italy,Macedonia,4
Kenya,Mozambique,4
Mozambique,Kenya,4
Congo (Kinshasa),Kenya,4
Netherlands Antilles,Netherlands,4
Netherlands,Netherlands Antilles,4
Macau,South Korea,4
South Korea,Macau,4
Turkey,Serbia,4
Belgium,Serbia,4
Serbia,Turkey,4
Netherlands,Belgium,4
Indonesia,Saudi Arabia,4
Slovenia,Germany,4
Germany,Slovenia,4
New Zealand,Japan,4
Paraguay,Paraguay,4
Azerbaijan,Turkey,4
Turkey,Azerbaijan,4
Lebanon,Jordan,4
Jordan,Lebanon,4
Jordan,Yemen,4
Yemen,Jordan,4
Mauritius,Italy,4
Italy,Mauritius,4
Italy,Jordan,4
Spain,Ecuador,4
Hungary,Spain,4
Spain,Jordan,4
Jordan,Spain,4
Philippines,United States,4
Bahrain,Yemen,4
Yemen,Bahrain,4
South Korea,Indonesia,4
Indonesia,South Korea,4
Estonia,Russia,4
Russia,Estonia,4
Russia,Denmark,4
Russia,Hungary,4
Russia,Sweden,4
Russia,Netherlands,4
Denmark,Russia,4
Hungary,Russia,4
Sweden,Russia,4
Netherlands,Russia,4
Lithuania,Italy,4
Estonia,United Kingdom,4
Estonia,Germany,4
United Kingdom,Estonia,4
Germany,Estonia,4
Italy,Lithuania,4
Iceland,United Kingdom,4
Iceland,United States,4
United Kingdom,Iceland,4
United States,Iceland,4
Hungary,Bulgaria,4
Bulgaria,Hungary,4
Belgium,United Arab Emirates,4
United Arab Emirates,Nepal,4
United Arab Emirates,Belgium,4
Gabon,Cameroon,4
Gabon,Congo (Kinshasa),4
Saudi Arabia,Ethiopia,4
Italy,Ethiopia,4
Congo (Kinshasa),Gabon,4
Ethiopia,Djibouti,4
Ethiopia,Saudi Arabia,4
Iran,Iraq,4
Iraq,Iran,4
Czech Republic,United Arab Emirates,4
Philippines,United Arab Emirates,4
South Korea,United Arab Emirates,4
United Arab Emirates,Czech Republic,4
United Arab Emirates,Philippines,4
United Arab Emirates,South Korea,4
United Arab Emirates,Indonesia,4
United Arab Emirates,Greece,4
Greece,United Arab Emirates,4
Lithuania,Ireland,4
Switzerland,Ireland,4
Ireland,Lithuania,4
Ireland,Switzerland,4
Lithuania,Norway,4
Norway,Lithuania,4
Norway,Italy,4
Italy,Norway,4
Uzbekistan,Kazakhstan,4
Kazakhstan,Azerbaijan,4
Azerbaijan,Kazakhstan,4
Kazakhstan,Uzbekistan,4
Zimbabwe,Zambia,4
Senegal,Senegal,4
Mali,Cote d'Ivoire,4
Cote d'Ivoire,Mali,4
Northern Mariana Islands,Japan,4
Netherlands,India,4
China,Kyrgyzstan,4
Cyprus,United Arab Emirates,4
Singapore,Sri Lanka,4
Sri Lanka,Singapore,4
Spain,Cuba,4
United Kingdom,Cuba,4
Cuba,United Kingdom,4
Micronesia,Guam,4
Nigeria,United States,4
Marshall Islands,Micronesia,4
Micronesia,Marshall Islands,4
United States,Nigeria,4
Azerbaijan,Germany,4
Guam,Micronesia,4
Germany,Azerbaijan,4
Belgium,Mali,4
Belgium,Ghana,4
Mali,Belgium,4
Dominican Republic,Panama,4
Panama,Dominican Republic,4
Panama,Ecuador,4
Panama,Venezuela,4
Ecuador,Panama,4
Venezuela,Panama,4
Czech Republic,Sweden,4
Sweden,Czech Republic,4
China,Egypt,4
Egypt,China,4
Equatorial Guinea,Cameroon,4
Cameroon,Equatorial Guinea,4
Trinidad and Tobago,Grenada,4
Grenada,Trinidad and Tobago,4
Lithuania,Belgium,4
Latvia,Denmark,4
Latvia,Sweden,4
Belgium,Lithuania,4
Denmark,Latvia,4
Sweden,Latvia,4
Taiwan,Australia,4
Australia,Taiwan,4
Indonesia,Brunei,4
Brunei,Indonesia,4
Ireland,Ireland,4
United Kingdom,Qatar,4
Qatar,United Kingdom,4
Trinidad and Tobago,Barbados,4
Kenya,United Kingdom,4
Maldives,United Kingdom,4
United Kingdom,Kenya,4
United Kingdom,Jordan,4
Hungary,Serbia,4
Belgium,Denmark,4
Denmark,Belgium,4
Jordan,United Kingdom,4
Belarus,Germany,4
Germany,Belarus,4
Vietnam,Germany,4
Brazil,Italy,4
Germany,Vietnam,4
Italy,Kenya,4
Italy,Cuba,4
Italy,Brazil,4
Netherlands,Kazakhstan,4
Kazakhstan,Netherlands,4
Poland,Finland,4
China,Finland,4
Norway,Finland,4
Finland,Poland,4
Finland,China,4
Finland,Norway,4
Costa Rica,Colombia,4
El Salvador,Nicaragua,4
Brazil,Colombia,4
Colombia,Costa Rica,4
Colombia,Brazil,4
Congo (Brazzaville),Congo (Kinshasa),4
Western Sahara,Morocco,4
Congo (Kinshasa),Congo (Brazzaville),4
Equatorial Guinea,Equatorial Guinea,4
Morocco,Western Sahara,4
Paraguay,Argentina,4
Argentina,Paraguay,4
Panama,Nicaragua,4
Mexico,Colombia,4
Colombia,Mexico,4
Cambodia,Malaysia,4
Malaysia,Cambodia,4
Malaysia,Brunei,4
Brunei,Malaysia,4
Switzerland,India,4
Austria,India,4
Turkey,India,4
India,Switzerland,4
India,Austria,4
India,Turkey,4
Croatia,France,4
Madagascar,France,4
Israel,France,4
Zambia,Malawi,4
Saudi Arabia,France,4
Brazil,France,4
Martinique,France,4
Mayotte,Comoros,4
Cameroon,France,4
France,Croatia,4
France,Israel,4
France,Saudi Arabia,4
France,Brazil,4
France,Martinique,4
France,India,4
France,Thailand,4
Egypt,France,4
India,France,4
Thailand,France,4
Lebanon,France,4
Canada,South Korea,4
Canada,Turks and Caicos Islands,4
Turks and Caicos Islands,Canada,4
South Korea,Canada,4
Switzerland,Hungary,4
Germany,Kenya,4
Germany,Mexico,4
Mexico,Germany,4
Hungary,Switzerland,4
Saint Kitts and Nevis,United States,4
United States,Saint Kitts and Nevis,4
Russia,Georgia,4
Georgia,Russia,4
Belgium,Greece,4
Serbia,Greece,4
Greece,Belgium,4
Greece,Serbia,4
Italy,India,4
India,Italy,4
India,Japan,4
Virgin Islands,Virgin Islands,4
British Virgin Islands,Puerto Rico,4
Cameroon,Chad,4
Cuba,Dominican Republic,4
Dominican Republic,Netherlands Antilles,4
Bolivia,Brazil,4
Kenya,Uganda,4
Costa Rica,Panama,4
Nicaragua,Costa Rica,4
Panama,Costa Rica,4
China,Tajikistan,4
Tajikistan,Tajikistan,4
Tajikistan,Kazakhstan,4
Kazakhstan,Tajikistan,4
Bangladesh,Nepal,4
Saint Lucia,Martinique,4
Guadeloupe,Martinique,4
Martinique,Saint Lucia,4
Martinique,Guadeloupe,4
Montenegro,Russia,4
Russia,Montenegro,4
Singapore,Burma,4
Burma,Singapore,4
Czech Republic,Czech Republic,4
Romania,Moldova,4
Turkey,Moldova,4
Moldova,Romania,4
Moldova,Turkey,4
Burkina Faso,Mali,4
Burkina Faso,Cote d'Ivoire,4
Cote d'Ivoire,Burkina Faso,4
Romania,Ukraine,3
Ukraine,Romania,3
Russia,Indonesia,3
Portugal,Venezuela,3
Venezuela,Portugal,3
Dominican Republic,United Kingdom,3
United Kingdom,Dominican Republic,3
Turkey,Libya,3
Libya,Turkey,3
Gambia,United Kingdom,3
United Kingdom,Gambia,3
Philippines,Saudi Arabia,3
Saudi Arabia,Philippines,3
Denmark,Thailand,3
Romania,Belgium,3
Belgium,Romania,3
Russia,Jordan,3
Jordan,Russia,3
Russia,Syria,3
Italy,Qatar,3
Turkey,Qatar,3
Qatar,Italy,3
Qatar,Turkey,3
Syria,Qatar,3
Ukraine,Denmark,3
Denmark,Ukraine,3
South Africa,Tanzania,3
Tanzania,South Africa,3
Uruguay,Paraguay,3
Paraguay,Uruguay,3
Philippines,Qatar,3
Qatar,Philippines,3
Canada,Pakistan,3
Pakistan,India,3
Pakistan,Canada,3
Pakistan,Spain,3
India,Pakistan,3
Canada,Saint Pierre and Miquelon,3
Saint Pierre and Miquelon,Canada,3
Macedonia,Turkey,3
Turkey,Romania,3
Turkey,Belgium,3
Turkey,Sweden,3
Romania,Turkey,3
Belgium,Turkey,3
Sweden,Turkey,3
Turkey,Macedonia,3
Czech Republic,Slovakia,3
Slovakia,Czech Republic,3
Romania,Greece,3
Greece,Romania,3
French Polynesia,New Zealand,3
New Zealand,French Polynesia,3
Egypt,Greece,3
Egypt,Nigeria,3
Belgium,Egypt,3
Greece,Egypt,3
Nigeria,Egypt,3
Malaysia,Saudi Arabia,3
Malaysia,South Africa,3
Saudi Arabia,Malaysia,3
South Africa,Malaysia,3
Egypt,Thailand,3
Thailand,Egypt,3
Romania,Lebanon,3
Turkey,Lebanon,3
Egypt,Lebanon,3
Lebanon,Romania,3
Lebanon,Turkey,3
Lebanon,Egypt,3
Madagascar,South Africa,3
South Africa,Madagascar,3
Comoros,Mayotte,3
Czech Republic,Hungary,3
Hungary,Czech Republic,3
Hungary,Belgium,3
Belgium,Hungary,3
Israel,Czech Republic,3
Czech Republic,Israel,3
Switzerland,Ukraine,3
Switzerland,South Africa,3
Switzerland,Thailand,3
Czech Republic,Switzerland,3
Ukraine,Switzerland,3
Switzerland,Greece,3
South Africa,Switzerland,3
Switzerland,Czech Republic,3
Thailand,Switzerland,3
Greece,Switzerland,3
Costa Rica,Peru,3
Nicaragua,El Salvador,3
Libya,Jordan,3
Jordan,Libya,3
Netherlands Antilles,Saint Kitts and Nevis,3
Switzerland,Cameroon,3
Kenya,Switzerland,3
South Korea,Germany,3
Germany,South Korea,3
Cameroon,Switzerland,3
Portugal,Luxembourg,3
Luxembourg,Portugal,3
Nigeria,Benin,3
Romania,Netherlands,3
Mexico,Netherlands,3
Congo (Kinshasa),Zambia,3
Hungary,Netherlands,3
Belgium,Netherlands,3
Netherlands,Romania,3
Netherlands,Cuba,3
Netherlands,Hungary,3
Turkey,South Korea,3
South Korea,Turkey,3
South Korea,Guam,3
Guam,South Korea,3
Serbia,Netherlands,3
Saudi Arabia,Indonesia,3
Slovenia,Serbia,3
Serbia,Slovenia,3
Singapore,Italy,3
Italy,Singapore,3
Kuwait,Lebanon,3
Kuwait,Jordan,3
Lebanon,Kuwait,3
Jordan,Kuwait,3
Ukraine,Azerbaijan,3
Azerbaijan,Ukraine,3
Yemen,Qatar,3
Kuwait,Qatar,3
Qatar,Yemen,3
Qatar,Kuwait,3
Pakistan,Iran,3
Iran,Pakistan,3
Italy,Tanzania,3
Italy,Maldives,3
Spain,Peru,3
Spain,Senegal,3
Peru,Spain,3
Senegal,Spain,3
Uzbekistan,Ukraine,3
Uzbekistan,South Korea,3
Uzbekistan,Kyrgyzstan,3
Ukraine,Uzbekistan,3
South Korea,Uzbekistan,3
Kyrgyzstan,Uzbekistan,3
Greece,Netherlands,3
Netherlands,Greece,3
Bolivia,Chile,3
Chile,Bolivia,3
Norway,Belgium,3
Malta,Netherlands,3
Belgium,Norway,3
Yemen,Djibouti,3
Djibouti,Yemen,3
Vanuatu,Fiji,3
Vanuatu,Solomon Islands,3
Fiji,Vanuatu,3
Fiji,Kiribati,3
Solomon Islands,Vanuatu,3
Kiribati,Fiji,3
Afghanistan,Turkey,3
Turkey,Afghanistan,3
Bulgaria,Romania,3
Bulgaria,Netherlands,3
Romania,Bulgaria,3
Kenya,Burundi,3
Togo,Mali,3
South Africa,Ethiopia,3
Mali,Togo,3
Ethiopia,South Africa,3
United Arab Emirates,Ireland,3
United Arab Emirates,Ethiopia,3
Indonesia,United Arab Emirates,3
Ethiopia,United Arab Emirates,3
Ghana,Cote d'Ivoire,3
Cote d'Ivoire,Ghana,3
Portugal,Ireland,3
Ireland,Portugal,3
Ireland,Netherlands,3
Netherlands,Ireland,3
Czech Republic,Denmark,3
Norway,Switzerland,3
Norway,Portugal,3
Norway,Ireland,3
Norway,Turkey,3
Switzerland,Norway,3
Portugal,Norway,3
Ireland,Norway,3
Denmark,Czech Republic,3
Turkey,Norway,3
Namibia,Angola,3
Portugal,Angola,3
Angola,Namibia,3
Angola,Portugal,3
Angola,South Africa,3
United Arab Emirates,Angola,3
South Africa,Angola,3
Guinea-Bissau,Senegal,3
Senegal,Guinea-Bissau,3
Senegal,Gambia,3
Benin,Cote d'Ivoire,3
Guinea,Cote d'Ivoire,3
Gambia,Senegal,3
Cote d'Ivoire,Benin,3
Cote d'Ivoire,Guinea,3
Northern Mariana Islands,South Korea,3
South Korea,Northern Mariana Islands,3
Japan,Northern Mariana Islands,3
Nigeria,Netherlands,3
South Africa,United States,3
United States,Senegal,3
Senegal,United States,3
India,Netherlands,3
United States,South Africa,3
Netherlands,Nigeria,3
Australia,Solomon Islands,3
Mauritius,Germany,3
Germany,Mauritius,3
Congo (Brazzaville),Benin,3
South Africa,Congo (Kinshasa),3
Benin,Congo (Brazzaville),3
Benin,Congo (Kinshasa),3
Congo (Kinshasa),South Africa,3
China,Iran,3
Israel,Cyprus,3
Bulgaria,Cyprus,3
Cyprus,Israel,3
Cyprus,Bulgaria,3
Cyprus,Syria,3
United Arab Emirates,Cyprus,3
Nepal,Hong Kong,3
Hong Kong,Nepal,3
Hong Kong,Germany,3
Hong Kong,United Arab Emirates,3
Hong Kong,New Zealand,3
Germany,Hong Kong,3
Sri Lanka,Thailand,3
Thailand,Sri Lanka,3
United Arab Emirates,Hong Kong,3
Russia,Cuba,3
Cuba,Russia,3
Cuba,Spain,3
Northern Mariana Islands,Guam,3
Cook Islands,United States,3
Norway,United States,3
United States,Cook Islands,3
Kuwait,United States,3
Saudi Arabia,Eritrea,3
United States,Kuwait,3
Azerbaijan,Turkmenistan,3
Guam,Northern Mariana Islands,3
United States,Norway,3
Eritrea,Saudi Arabia,3
Turkmenistan,Azerbaijan,3
Puerto Rico,Panama,3
Costa Rica,Guatemala,3
Panama,Puerto Rico,3
Nicaragua,Guatemala,3
Guatemala,Costa Rica,3
Mongolia,China,3
China,Mongolia,3
China,Korea,3
China,Nepal,3
Nepal,China,3
Korea,China,3
Netherlands Antilles,Trinidad and Tobago,3
Trinidad and Tobago,Netherlands Antilles,3
Latvia,Lithuania,3
Latvia,Belgium,3
Lithuania,Latvia,3
Belgium,Latvia,3
Canada,Taiwan,3
Austria,Thailand,3
Taiwan,Canada,3
Thailand,Austria,3
Thailand,Netherlands,3
Netherlands,Thailand,3
Bahrain,Jordan,3
Jordan,Bahrain,3
Pakistan,Bangladesh,3
Hong Kong,Bangladesh,3
Bangladesh,Pakistan,3
Australia,East Timor,3
East Timor,Australia,3
Jersey,Switzerland,3
Switzerland,Jersey,3
Guernsey,Jersey,3
United Kingdom,Malaysia,3
United Kingdom,Azerbaijan,3
United Kingdom,Syria,3
United Kingdom,Lebanon,3
Malaysia,United Kingdom,3
Azerbaijan,United Kingdom,3
Syria,United Kingdom,3
Lebanon,United Kingdom,3
Saint Kitts and Nevis,Antigua and Barbuda,3
Serbia,United Kingdom,3
Serbia,Hungary,3
Turks and Caicos Islands,Bahamas,3
Bahamas,Turks and Caicos Islands,3
United Kingdom,Serbia,3
Barbados,Trinidad and Tobago,3
Antigua and Barbuda,Saint Kitts and Nevis,3
Antigua and Barbuda,Dominican Republic,3
Singapore,Netherlands,3
Kenya,Netherlands,3
Japan,Italy,3
Italy,Japan,3
Italy,Lebanon,3
South Africa,Netherlands,3
Lebanon,Italy,3
Netherlands,Singapore,3
Netherlands,Kenya,3
Netherlands,South Africa,3
Finland,Netherlands,3
Netherlands,Finland,3
El Salvador,Guatemala,3
Peru,Colombia,3
Colombia,Peru,3
Tunisia,Morocco,3
Portugal,Morocco,3
Benin,Nigeria,3
Morocco,Tunisia,3
Morocco,Portugal,3
Morocco,United Arab Emirates,3
United Arab Emirates,Morocco,3
Costa Rica,Mexico,3
Chile,Mexico,3
Mexico,Costa Rica,3
Mexico,Chile,3
Mexico,Argentina,3
Malaysia,Sri Lanka,3
Sri Lanka,Malaysia,3
Maldives,India,3
India,Maldives,3
Italy,Algeria,3
Syria,Algeria,3
Algeria,Italy,3
Algeria,Syria,3
Bulgaria,France,3
Singapore,France,3
Niger,France,3
Kenya,Zambia,3
Kenya,Malawi,3
Kenya,Djibouti,3
Mauritius,France,3
Luxembourg,United Kingdom,3
Luxembourg,France,3
Malawi,Kenya,3
Slovenia,France,3
United Kingdom,Luxembourg,3
Kuwait,Netherlands,3
Malaysia,Netherlands,3
Sudan,Netherlands,3
South Korea,France,3
Hong Kong,France,3
Finland,France,3
Cuba,France,3
Senegal,France,3
South Africa,France,3
France,Madagascar,3
France,Bulgaria,3
France,Singapore,3
France,Niger,3
France,Mauritius,3
France,Luxembourg,3
France,Slovenia,3
France,South Korea,3
France,Hong Kong,3
France,Finland,3
France,Cuba,3
France,Senegal,3
France,South Africa,3
France,Hungary,3
France,Lebanon,3
France,Jordan,3
Hungary,France,3
Bahrain,Netherlands,3
Netherlands,Kuwait,3
Netherlands,Malaysia,3
Netherlands,Sudan,3
Netherlands,Bahrain,3
Canada,Austria,3
Canada,Netherlands Antilles,3
Canada,Denmark,3
Canada,Saint Lucia,3
Canada,Puerto Rico,3
Canada,Barbados,3
Austria,Canada,3
Saint Lucia,Canada,3
Puerto Rico,Canada,3
United Kingdom,Armenia,3
Armenia,United Kingdom,3
Netherlands Antilles,Canada,3
Denmark,Canada,3
Barbados,Canada,3
Austria,Jordan,3
Maldives,Germany,3
Kenya,Germany,3
Germany,Maldives,3
Jordan,Austria,3
Canada,Jordan,3
Puerto Rico,Antigua and Barbuda,3
United States,Grenada,3
Spain,Puerto Rico,3
Grenada,United States,3
Antigua and Barbuda,Puerto Rico,3
Jordan,Canada,3
South Africa,India,3
India,South Africa,3
Venezuela,Aruba,3
Aruba,Venezuela,3
Puerto Rico,British Virgin Islands,3
Chad,Cameroon,3
Burma,Malaysia,3
Burma,India,3
Malaysia,Burma,3
India,Burma,3
Iran,Tajikistan,3
Kyrgyzstan,Tajikistan,3
Tajikistan,China,3
Tajikistan,Iran,3
Tajikistan,Kyrgyzstan,3
Netherlands Antilles,Puerto Rico,3
Netherlands Antilles,Dominican Republic,3
Vietnam,Philippines,3
Philippines,Vietnam,3
Philippines,Indonesia,3
Indonesia,Philippines,3
Uganda,Kenya,3
Costa Rica,Nicaragua,3
Mexico,Guatemala,3
Guatemala,Mexico,3
Malaysia,Bangladesh,3
Bangladesh,Malaysia,3
Maldives,China,3
China,Maldives,3
Guadeloupe,Dominican Republic,3
Turkey,Morocco,3
Morocco,Turkey,3
Singapore,Macau,3
Singapore,New Zealand,3
Macau,Singapore,3
New Zealand,Singapore,3
Austria,Czech Republic,3
Czech Republic,Austria,3
Moldova,Hungary,3
Hungary,Moldova,3
France,Burkina Faso,3
Mali,Burkina Faso,3
Mali,France,3
Kenya,Somalia,2
Somalia,Kenya,2
Oman,Germany,2
Oman,Tanzania,2
Germany,Oman,2
Rwanda,Tanzania,2
Tanzania,Rwanda,2
Poland,Iceland,2
Cape Verde,France,2
France,Cape Verde,2
Burma,Vietnam,2
United Kingdom,Vietnam,2
Vietnam,Burma,2
Vietnam,United Kingdom,2
Slovakia,Slovakia,2
Oman,Sri Lanka,2
Sri Lanka,Oman,2
Ukraine,Armenia,2
Armenia,Ukraine,2
Tunisia,Spain,2
Tunisia,Algeria,2
Tunisia,Belgium,2
Belgium,Tunisia,2
Spain,Tunisia,2
Algeria,Tunisia,2
Mozambique,Portugal,2
Portugal,Mozambique,2
Tunisia,Turkey,2
Portugal,Turkey,2
Turkey,Tunisia,2
Turkey,Portugal,2
Ukraine,Thailand,2
Turkey,Thailand,2
Italy,Thailand,2
Thailand,Ukraine,2
Thailand,Turkey,2
Thailand,Italy,2
El Salvador,Peru,2
Peru,El Salvador,2
Guatemala,Guatemala,2
Turkey,Turkmenistan,2
United Kingdom,Turkmenistan,2
India,Turkmenistan,2
Turkmenistan,Turkey,2
Turkmenistan,United Kingdom,2
Turkmenistan,India,2
Tunisia,Saudi Arabia,2
Saudi Arabia,Tunisia,2
Saudi Arabia,Switzerland,2
Switzerland,Saudi Arabia,2
Russia,Maldives,2
Russia,Mexico,2
Maldives,Russia,2
Mexico,Russia,2
Singapore,Turkey,2
Singapore,Russia,2
Turkey,Singapore,2
Russia,Singapore,2
Haiti,Haiti,2
Russia,Belgium,2
Belgium,Russia,2
Singapore,Denmark,2
Lithuania,Denmark,2
Denmark,Singapore,2
Denmark,Lithuania,2
Thailand,Denmark,2
Guernsey,Switzerland,2
Sudan,Eritrea,2
Eritrea,Sudan,2
New Caledonia,Japan,2
Japan,New Caledonia,2
Wallis and Futuna,Wallis and Futuna,2
Singapore,South Africa,2
Nigeria,South Africa,2
South Africa,Singapore,2
South Africa,Nigeria,2
South Africa,Senegal,2
South Africa,Malawi,2
South Africa,Thailand,2
Senegal,South Africa,2
Malawi,South Africa,2
Thailand,South Africa,2
Russia,Turkmenistan,2
Turkmenistan,Russia,2
Portugal,Sweden,2
Sweden,Portugal,2
Russia,Romania,2
Romania,Russia,2
Romania,Jordan,2
Oman,Jordan,2
Sudan,Jordan,2
Ukraine,Jordan,2
Turkey,Jordan,2
Switzerland,Jordan,2
India,Jordan,2
Jordan,Romania,2
Jordan,Oman,2
Jordan,Ukraine,2
Jordan,Turkey,2
Jordan,Switzerland,2
Jordan,India,2
Jordan,Jordan,2
Faroe Islands,Denmark,2
Denmark,Faroe Islands,2
Tunisia,Syria,2
Romania,Syria,2
France,Syria,2
Syria,Russia,2
Syria,Tunisia,2
Syria,Romania,2
Syria,Sudan,2
Greece,Syria,2
Sweden,Syria,2
Netherlands,Syria,2
Syria,France,2
Syria,Germany,2
Syria,Greece,2
Nepal,Thailand,2
Thailand,Nepal,2
Oman,Qatar,2
Sudan,Qatar,2
Switzerland,Qatar,2
Qatar,Oman,2
Qatar,Nepal,2
Qatar,Sudan,2
Qatar,Switzerland,2
Qatar,Sri Lanka,2
Qatar,Spain,2
Qatar,Jordan,2
Sri Lanka,Qatar,2
Spain,Qatar,2
Jordan,Qatar,2
Zimbabwe,Malawi,2
Malawi,Malawi,2
Malawi,Zimbabwe,2
Tanzania,Uganda,2
Uganda,Tanzania,2
Portugal,Ukraine,2
Ukraine,Portugal,2
Ukraine,Belgium,2
India,Ukraine,2
Ukraine,India,2
Belgium,Ukraine,2
Pakistan,Sri Lanka,2
Afghanistan,Pakistan,2
Pakistan,Italy,2
Pakistan,Afghanistan,2
Sri Lanka,Pakistan,2
France,Pakistan,2
Spain,Pakistan,2
Turkey,Denmark,2
Denmark,Turkey,2
Kenya,Turkey,2
Turkey,Kenya,2
South Korea,Qatar,2
Qatar,South Korea,2
Estonia,Ukraine,2
Estonia,Denmark,2
Estonia,Belgium,2
Ukraine,Estonia,2
Denmark,Estonia,2
Belgium,Estonia,2
Croatia,Turkey,2
Croatia,Denmark,2
Croatia,Belgium,2
Turkey,Croatia,2
Denmark,Croatia,2
Belgium,Croatia,2
Croatia,Austria,2
Austria,Croatia,2
Austria,Montenegro,2
Austria,Portugal,2
Austria,Armenia,2
Austria,Belgium,2
Austria,Iraq,2
Montenegro,Austria,2
Portugal,Austria,2
Armenia,Austria,2
Belgium,Austria,2
Iraq,Austria,2
Netherlands,Dominican Republic,2
Mongolia,Russia,2
Russia,Mongolia,2
Czech Republic,Armenia,2
Czech Republic,Belgium,2
Armenia,Czech Republic,2
Belgium,Czech Republic,2
New Caledonia,New Zealand,2
Thailand,New Zealand,2
New Zealand,New Caledonia,2
New Zealand,Thailand,2
Iceland,Greenland,2
Greenland,Iceland,2
Austria,Japan,2
Japan,Austria,2
Japan,Denmark,2
Japan,Qatar,2
Qatar,Japan,2
Denmark,Japan,2
Vanuatu,New Caledonia,2
Vanuatu,New Zealand,2
New Caledonia,Vanuatu,2
New Zealand,Vanuatu,2
Tunisia,Egypt,2
Oman,Egypt,2
South Africa,Egypt,2
United States,Egypt,2
Denmark,Egypt,2
Egypt,Tunisia,2
Egypt,Oman,2
Egypt,South Africa,2
Egypt,United States,2
Egypt,Denmark,2
Egypt,Belgium,2
Egypt,Iraq,2
Iraq,Egypt,2
Mauritius,Mauritius,2
Mauritius,Australia,2
Australia,Mauritius,2
Bangladesh,Sri Lanka,2
Sri Lanka,Bangladesh,2
Sri Lanka,Indonesia,2
Indonesia,Sri Lanka,2
Singapore,Nepal,2
Nepal,Singapore,2
Singapore,Mauritius,2
Mauritius,Malaysia,2
Oman,Malaysia,2
Malaysia,Mauritius,2
Malaysia,Oman,2
Malaysia,Turkey,2
Malaysia,Qatar,2
Turkey,Malaysia,2
Argentina,South Africa,2
Qatar,Malaysia,2
South Africa,Argentina,2
Thailand,Jordan,2
Jordan,Thailand,2
Tunisia,Lebanon,2
Nigeria,Lebanon,2
Qatar,Lebanon,2
Belgium,Lebanon,2
Iraq,Lebanon,2
Lebanon,Tunisia,2
Lebanon,Nigeria,2
Lebanon,Qatar,2
Lebanon,Belgium,2
Lebanon,Iraq,2
Madagascar,Mauritius,2
Madagascar,Thailand,2
Mauritius,Madagascar,2
Thailand,Madagascar,2
Turkey,Hungary,2
Syria,Hungary,2
Hungary,Turkey,2
Hungary,Syria,2
Hungary,Greece,2
Hungary,Jordan,2
Greece,Hungary,2
Jordan,Hungary,2
Austria,Israel,2
Israel,Austria,2
Israel,Romania,2
Israel,Armenia,2
Israel,Hungary,2
Israel,Belgium,2
Israel,Thailand,2
Romania,Israel,2
Armenia,Israel,2
Hungary,Israel,2
Belgium,Israel,2
Thailand,Israel,2
Switzerland,Croatia,2
Switzerland,Singapore,2
Switzerland,Japan,2
Switzerland,Mauritius,2
Switzerland,Maldives,2
Switzerland,Sri Lanka,2
Croatia,Switzerland,2
Singapore,Switzerland,2
Japan,Switzerland,2
Mauritius,Switzerland,2
Maldives,Switzerland,2
Sri Lanka,Switzerland,2
Costa Rica,Venezuela,2
Honduras,Guatemala,2
El Salvador,Mexico,2
Guatemala,Honduras,2
Mexico,El Salvador,2
Venezuela,Costa Rica,2
Poland,Israel,2
Poland,Romania,2
Poland,Portugal,2
Poland,Turkey,2
Poland,Armenia,2
Poland,Egypt,2
Poland,Hungary,2
Israel,Poland,2
Romania,Poland,2
Portugal,Poland,2
Turkey,Poland,2
Armenia,Poland,2
Egypt,Poland,2
Hungary,Poland,2
Netherlands Antilles,Virgin Islands,2
Netherlands Antilles,British Virgin Islands,2
Virgin Islands,Netherlands Antilles,2
Saint Kitts and Nevis,Netherlands Antilles,2
Grenada,Saint Vincent and the Grenadines,2
British Virgin Islands,Netherlands Antilles,2
Dominica,Netherlands Antilles,2
Saint Vincent and the Grenadines,Grenada,2
Saint Vincent and the Grenadines,Barbados,2
Barbados,Saint Vincent and the Grenadines,2
Barbados,Antigua and Barbuda,2
Antigua and Barbuda,Barbados,2
Switzerland,Kenya,2
Congo (Brazzaville),Gabon,2
Gabon,Congo (Brazzaville),2
Germany,Lebanon,2
Lebanon,Germany,2
Austria,Luxembourg,2
Luxembourg,Austria,2
Luxembourg,Switzerland,2
Switzerland,Luxembourg,2
Australia,Argentina,2
Chile,Uruguay,2
Chile,Paraguay,2
Chile,New Zealand,2
Dominican Republic,Peru,2
Uruguay,Chile,2
Peru,Dominican Republic,2
Peru,Venezuela,2
Argentina,Australia,2
Venezuela,Peru,2
Paraguay,Chile,2
New Zealand,Chile,2
Serbia,Belgium,2
Equatorial Guinea,Benin,2
Mauritania,Mauritania,2
Benin,Equatorial Guinea,2
Honduras,Cayman Islands,2
Jamaica,Cayman Islands,2
Cayman Islands,Honduras,2
Cayman Islands,Jamaica,2
Oman,Kuwait,2
Kuwait,Oman,2
Kuwait,Germany,2
Kuwait,Sri Lanka,2
Germany,Kuwait,2
Turkey,Kyrgyzstan,2
Kyrgyzstan,Turkey,2
Kyrgyzstan,United Arab Emirates,2
United Arab Emirates,Kyrgyzstan,2
Madagascar,Kenya,2
Kenya,Madagascar,2
Kenya,Mauritius,2
Kenya,Nigeria,2
Kenya,South Africa,2
Kenya,Saudi Arabia,2
Kenya,Cameroon,2
Mauritius,Kenya,2
Nigeria,Kenya,2
South Africa,Kenya,2
Saudi Arabia,Kenya,2
Cameroon,Kenya,2
Switzerland,Malta,2
Austria,Malta,2
Libya,Malta,2
Malta,Switzerland,2
Malta,Austria,2
Malta,Libya,2
Malta,Turkey,2
Malta,Belgium,2
Turkey,Malta,2
Belgium,Malta,2
Israel,Netherlands,2
Estonia,Netherlands,2
Dominican Republic,Netherlands,2
Suriname,Netherlands,2
Kenya,Zimbabwe,2
Oman,Kenya,2
Japan,Netherlands,2
Ukraine,Netherlands,2
Djibouti,Kenya,2
Zimbabwe,Kenya,2
Brazil,Netherlands,2
Netherlands,Israel,2
Netherlands,Estonia,2
Netherlands,Suriname,2
Netherlands,Mexico,2
Netherlands,Japan,2
Netherlands,Ukraine,2
Netherlands,Brazil,2
Netherlands,Aruba,2
Mongolia,South Korea,2
Palau,South Korea,2
Czech Republic,South Korea,2
New Caledonia,South Korea,2
United Kingdom,South Korea,2
South Korea,Mongolia,2
South Korea,Palau,2
South Korea,Czech Republic,2
South Korea,New Caledonia,2
South Korea,United Kingdom,2
South Korea,India,2
India,South Korea,2
Netherlands,South Korea,2
Austria,Kazakhstan,2
Kazakhstan,Austria,2
South Korea,Kazakhstan,2
Kazakhstan,South Korea,2
Slovakia,Poland,2
Poland,Slovakia,2
Dominican Republic,Turks and Caicos Islands,2
Turks and Caicos Islands,Dominican Republic,2
Turks and Caicos Islands,Haiti,2
Haiti,Turks and Caicos Islands,2
Poland,Serbia,2
Russia,Serbia,2
Romania,Serbia,2
Denmark,Serbia,2
Serbia,Poland,2
Serbia,Russia,2
Serbia,Romania,2
Serbia,Denmark,2
Netherlands,Serbia,2
Switzerland,Slovenia,2
Austria,Slovenia,2
Montenegro,Slovenia,2
Russia,Slovenia,2
Slovenia,Switzerland,2
Slovenia,Austria,2
Slovenia,Montenegro,2
Slovenia,Russia,2
Slovenia,Turkey,2
Slovenia,Denmark,2
Slovenia,Belgium,2
Turkey,Slovenia,2
Denmark,Slovenia,2
Belgium,Slovenia,2
French Polynesia,Japan,2
Japan,French Polynesia,2
Singapore,Spain,2
Spain,Thailand,2
Thailand,Spain,2
Spain,Singapore,2
Bosnia and Herzegovina,Turkey,2
Turkey,Bosnia and Herzegovina,2
Bosnia and Herzegovina,Bosnia and Herzegovina,2
Austria,Azerbaijan,2
Czech Republic,Azerbaijan,2
Azerbaijan,Austria,2
Azerbaijan,Czech Republic,2
Azerbaijan,Azerbaijan,2
Israel,Jordan,2
Jordan,Israel,2
Yemen,Kuwait,2
Yemen,Syria,2
Kuwait,Yemen,2
Syria,Yemen,2
India,Yemen,2
Yemen,India,2
Austria,Iran,2
Russia,Iran,2
Iran,Austria,2
Iran,Russia,2
Iran,Azerbaijan,2
Iran,India,2
Iran,Thailand,2
Iran,Lebanon,2
Iran,Sweden,2
Iran,Netherlands,2
Azerbaijan,Iran,2
Thailand,Iran,2
Lebanon,Iran,2
Sweden,Iran,2
Netherlands,Iran,2
Tanzania,Italy,2
Maldives,Italy,2
Fiji,Solomon Islands,2
Solomon Islands,Fiji,2
Equatorial Guinea,Spain,2
Chile,Spain,2
Uruguay,Spain,2
Spain,Equatorial Guinea,2
Spain,Chile,2
Spain,Uruguay,2
Ecuador,Spain,2
Mauritania,Mali,2
Mali,Mauritania,2
Uzbekistan,Malaysia,2
Uzbekistan,Turkey,2
Uzbekistan,Italy,2
Uzbekistan,United Arab Emirates,2
Uzbekistan,India,2
Malaysia,Uzbekistan,2
Turkey,Uzbekistan,2
Italy,Uzbekistan,2
United Arab Emirates,Uzbekistan,2
India,Uzbekistan,2
Switzerland,China,2
China,Switzerland,2
China,Ukraine,2
China,Hungary,2
China,Belgium,2
Ukraine,China,2
Hungary,China,2
Belgium,China,2
Seychelles,Seychelles,2
United States,Philippines,2
Uganda,Uganda,2
France,Monaco,2
Monaco,France,2
Guernsey,Guernsey,2
Philippines,Bahrain,2
Oman,Bahrain,2
Malaysia,Bahrain,2
Turkey,Bahrain,2
Italy,Bahrain,2
Syria,Bahrain,2
Sri Lanka,Bahrain,2
Egypt,Bahrain,2
Thailand,Bahrain,2
Bahrain,Philippines,2
Bahrain,Oman,2
Bahrain,Malaysia,2
Bahrain,Turkey,2
Bahrain,Italy,2
Bahrain,Syria,2
Bahrain,Sri Lanka,2
Bahrain,Egypt,2
Bahrain,Thailand,2
Brazil,Venezuela,2
Venezuela,Brazil,2
Azerbaijan,United Arab Emirates,2
Armenia,United Arab Emirates,2
United Arab Emirates,Azerbaijan,2
United Arab Emirates,Armenia,2
United Arab Emirates,Turkmenistan,2
Turkmenistan,United Arab Emirates,2
Lithuania,Spain,2
Sweden,Ireland,2
France,Malta,2
Malta,France,2
Malta,Spain,2
Spain,Malta,2
Lithuania,Netherlands,2
Netherlands,Malta,2
Netherlands,Lithuania,2
Ireland,Sweden,2
Slovakia,Italy,2
Italy,Slovakia,2
Spain,Lithuania,2
Tonga,Fiji,2
Fiji,Tonga,2
United States,Kiribati,2
Kiribati,United States,2
Norway,Iceland,2
Iceland,Norway,2
Iceland,Germany,2
Iceland,Denmark,2
Germany,Iceland,2
Denmark,Iceland,2
Afghanistan,Tajikistan,2
Tajikistan,Afghanistan,2
Macau,Thailand,2
Thailand,Macau,2
Poland,Bulgaria,2
Israel,Bulgaria,2
Bulgaria,Poland,2
Bulgaria,Israel,2
Bulgaria,Czech Republic,2
Bulgaria,Ukraine,2
Bulgaria,Belgium,2
Czech Republic,Bulgaria,2
Ukraine,Bulgaria,2
Belgium,Bulgaria,2
Bulgaria,Bulgaria,2
Netherlands,Bulgaria,2
Equatorial Guinea,Ethiopia,2
Nigeria,Cameroon,2
Togo,Senegal,2
Togo,Ethiopia,2
Togo,Nigeria,2
Kuwait,Ethiopia,2
Rwanda,Ethiopia,2
South Sudan,Ethiopia,2
Turkey,Ethiopia,2
Germany,Ethiopia,2
Congo (Kinshasa),Ethiopia,2
Cameroon,Nigeria,2
Cameroon,Ethiopia,2
Senegal,Togo,2
Guinea,Mali,2
Egypt,Ethiopia,2
Mali,Guinea,2
Central African Republic,Ethiopia,2
Ethiopia,Equatorial Guinea,2
Ethiopia,Togo,2
Ethiopia,Kuwait,2
Ethiopia,South Sudan,2
Ethiopia,Turkey,2
Ethiopia,Germany,2
Ethiopia,Cameroon,2
Ethiopia,Egypt,2
Ethiopia,Congo (Kinshasa),2
Ethiopia,Central African Republic,2
Ethiopia,Nigeria,2
Nigeria,Togo,2
Nigeria,Ethiopia,2
Iran,Oman,2
Oman,Iran,2
Canada,United Arab Emirates,2
Austria,United Arab Emirates,2
Tunisia,United Arab Emirates,2
Seychelles,United Arab Emirates,2
Mauritius,United Arab Emirates,2
Maldives,United Arab Emirates,2
Malta,Cyprus,2
Cyprus,Malta,2
Angola,United Arab Emirates,2
Brazil,United Arab Emirates,2
United Arab Emirates,Canada,2
United Arab Emirates,Austria,2
United Arab Emirates,Tunisia,2
United Arab Emirates,Seychelles,2
United Arab Emirates,Mauritius,2
United Arab Emirates,Maldives,2
United Arab Emirates,Brazil,2
Ireland,United Arab Emirates,2
Austria,Ireland,2
Ireland,Austria,2
Ireland,Hungary,2
Ireland,Belgium,2
Hungary,Ireland,2
Belgium,Ireland,2
Czech Republic,Norway,2
Norway,Czech Republic,2
Norway,Morocco,2
United Arab Emirates,Denmark,2
Ireland,Denmark,2
Denmark,United Arab Emirates,2
Denmark,Ireland,2
Denmark,Hungary,2
Denmark,Morocco,2
Hungary,Denmark,2
Sweden,Morocco,2
Morocco,Norway,2
Morocco,Denmark,2
Morocco,Sweden,2
Kenya,Angola,2
Mozambique,Angola,2
Spain,Angola,2
Angola,Kenya,2
Angola,Mozambique,2
Angola,Spain,2
Angola,Brazil,2
Angola,Germany,2
Brazil,Angola,2
Germany,Angola,2
Cape Verde,Senegal,2
Mauritania,Senegal,2
Senegal,Cape Verde,2
Senegal,Mauritania,2
Senegal,Guinea,2
Senegal,Cote d'Ivoire,2
Guinea,Senegal,2
Cote d'Ivoire,Senegal,2
Palau,Japan,2
Czech Republic,United States,2
Japan,Palau,2
United States,Czech Republic,2
United States,Greece,2
Uganda,Netherlands,2
Saudi Arabia,Netherlands,2
Greece,United States,2
Netherlands,Rwanda,2
Netherlands,Saudi Arabia,2
Tonga,New Zealand,2
Cook Islands,New Zealand,2
Solomon Islands,Australia,2
Australia,Samoa,2
Samoa,New Zealand,2
New Zealand,Tonga,2
New Zealand,Cook Islands,2
New Zealand,Samoa,2
Saint Lucia,Barbados,2
Costa Rica,Dominican Republic,2
Dominican Republic,Costa Rica,2
France,Malaysia,2
Malaysia,France,2
Malaysia,Iran,2
Malaysia,New Zealand,2
Iran,Malaysia,2
New Zealand,Malaysia,2
Reunion,South Africa,2
South Africa,Reunion,2
Benin,Mali,2
Congo (Kinshasa),Benin,2
Mali,Benin,2
China,Azerbaijan,2
Uzbekistan,China,2
China,Uzbekistan,2
Iran,China,2
Azerbaijan,China,2
Bangladesh,China,2
China,Bangladesh,2
Romania,Cyprus,2
Cyprus,Romania,2
Cyprus,Lebanon,2
Cyprus,Bahrain,2
Cyprus,Netherlands,2
Syria,Cyprus,2
Lebanon,Cyprus,2
Bahrain,Cyprus,2
Netherlands,Cyprus,2
Fiji,Hong Kong,2
South Africa,Hong Kong,2
Hong Kong,Fiji,2
Hong Kong,South Africa,2
Hong Kong,Italy,2
Hong Kong,Netherlands,2
Italy,Hong Kong,2
Netherlands,Hong Kong,2
New Zealand,Hong Kong,2
Costa Rica,Cuba,2
Cuba,Costa Rica,2
Cuba,Venezuela,2
Venezuela,Cuba,2
Micronesia,Palau,2
Palau,Micronesia,2
Palau,Philippines,2
Palau,Guam,2
Philippines,Palau,2
Philippines,Guam,2
Marshall Islands,United States,2
United States,Marshall Islands,2
United States,Guam,2
Hong Kong,Guam,2
Guam,Palau,2
Guam,Philippines,2
Guam,United States,2
Guam,Hong Kong,2
Guam,Australia,2
Australia,Guam,2
El Salvador,Panama,2
Panama,El Salvador,2
Panama,Jamaica,2
Panama,Cuba,2
Panama,Argentina,2
Panama,Aruba,2
Jamaica,Panama,2
Cuba,Panama,2
Cuba,Colombia,2
Argentina,Panama,2
Colombia,Cuba,2
Aruba,Panama,2
Austria,China,2
Israel,China,2
China,Austria,2
China,Israel,2
China,Denmark,2
China,Sweden,2
Denmark,China,2
Thailand,Ethiopia,2
Sweden,China,2
Ethiopia,Thailand,2
Trinidad and Tobago,Trinidad and Tobago,2
Trinidad and Tobago,Suriname,2
Trinidad and Tobago,Venezuela,2
Suriname,Trinidad and Tobago,2
Venezuela,Trinidad and Tobago,2
Italy,Mexico,2
Poland,Latvia,2
Austria,Latvia,2
Uzbekistan,Latvia,2
Latvia,Poland,2
Latvia,Austria,2
Latvia,Uzbekistan,2
Latvia,Ukraine,2
Latvia,Turkey,2
Latvia,Netherlands,2
Ukraine,Latvia,2
Turkey,Latvia,2
Netherlands,Latvia,2
Taiwan,Cambodia,2
Taiwan,Guam,2
Cambodia,Taiwan,2
Guam,Taiwan,2
Kenya,Botswana,2
Botswana,Kenya,2
Nepal,Bahrain,2
Sudan,Bahrain,2
Lebanon,Bahrain,2
Bahrain,Nepal,2
Bahrain,Sudan,2
Bahrain,Lebanon,2
Singapore,Brunei,2
Hong Kong,Brunei,2
Brunei,Singapore,2
Brunei,Hong Kong,2
Brunei,Thailand,2
Thailand,Brunei,2
Singapore,Bangladesh,2
Oman,Bangladesh,2
Kuwait,Bangladesh,2
Bangladesh,Singapore,2
Bangladesh,Kuwait,2
Bangladesh,Qatar,2
Bangladesh,Oman,2
Jersey,Guernsey,2
Georgia,Azerbaijan,2
Oman,United Kingdom,2
United Kingdom,Oman,2
United Kingdom,Kazakhstan,2
United Kingdom,Ethiopia,2
Azerbaijan,Georgia,2
Lebanon,Ethiopia,2
India,Kazakhstan,2
Kazakhstan,United Kingdom,2
Kazakhstan,India,2
Ethiopia,United Kingdom,2
Ethiopia,Lebanon,2
Saint Lucia,Trinidad and Tobago,2
Saint Lucia,United Kingdom,2
Albania,United Kingdom,2
Albania,Hungary,2
El Salvador,Spain,2
Dominican Republic,Antigua and Barbuda,2
Trinidad and Tobago,Saint Lucia,2
Mauritius,United Kingdom,2
United Kingdom,Angola,2
United Kingdom,Kuwait,2
United Kingdom,Ghana,2
United Kingdom,Saint Lucia,2
United Kingdom,Albania,2
United Kingdom,Mauritius,2
United Kingdom,Maldives,2
United Kingdom,Antigua and Barbuda,2
Angola,United Kingdom,2
Kuwait,United Kingdom,2
Grenada,Barbados,2
Hungary,Albania,2
Barbados,Grenada,2
Antigua and Barbuda,United Kingdom,2
Ghana,United Kingdom,2
Poland,Belarus,2
Austria,Belarus,2
Latvia,Belarus,2
Czech Republic,Belarus,2
Belarus,Poland,2
Belarus,Austria,2
Belarus,Latvia,2
Belarus,Czech Republic,2
Belarus,Ukraine,2
Belarus,Turkey,2
Belarus,Azerbaijan,2
Belarus,Italy,2
Belarus,Georgia,2
Ukraine,Belarus,2
Turkey,Belarus,2
Azerbaijan,Belarus,2
Italy,Belarus,2
Georgia,Belarus,2
Canada,Italy,2
Taiwan,India,2
Panama,Netherlands,2
Peru,Netherlands,2
Kuwait,Italy,2
Malaysia,Italy,2
South Korea,Italy,2
Italy,Canada,2
Italy,Kuwait,2
Italy,Malaysia,2
Italy,South Korea,2
India,Taiwan,2
Netherlands,Panama,2
Netherlands,Peru,2
Lithuania,Finland,2
Czech Republic,Finland,2
Belarus,Finland,2
Iceland,Finland,2
Ukraine,Finland,2
Finland,Lithuania,2
Finland,Czech Republic,2
Finland,Belarus,2
Finland,Iceland,2
Finland,Ukraine,2
Finland,United Arab Emirates,2
Finland,Hungary,2
United Arab Emirates,Finland,2
Hungary,Finland,2
Chile,Colombia,2
El Salvador,Belize,2
El Salvador,Colombia,2
Dominican Republic,Colombia,2
Germany,Colombia,2
Belize,El Salvador,2
Colombia,Chile,2
Colombia,El Salvador,2
Colombia,Dominican Republic,2
Colombia,Germany,2
Equatorial Guinea,Gabon,2
Liberia,Sierra Leone,2
Guinea-Bissau,Gambia,2
Mauritania,Morocco,2
Togo,Benin,2
Togo,Ghana,2
Gabon,Equatorial Guinea,2
United States,Morocco,2
Saudi Arabia,Morocco,2
Switzerland,Morocco,2
Sierra Leone,Liberia,2
Western Sahara,Western Sahara,2
Cameroon,Morocco,2
Benin,Togo,2
Morocco,Guinea-Bissau,2
Morocco,Mauritania,2
Morocco,United States,2
Morocco,Saudi Arabia,2
Morocco,Switzerland,2
Morocco,Cameroon,2
Morocco,Egypt,2
Morocco,Congo (Kinshasa),2
Egypt,Morocco,2
Congo (Kinshasa),Morocco,2
Italy,Argentina,2
Argentina,Italy,2
Argentina,Venezuela,2
Argentina,Colombia,2
Venezuela,Argentina,2
Colombia,Argentina,2
Mexico,Japan,2
Nicaragua,Panama,2
Mexico,Brazil,2
Brazil,Mexico,2
Argentina,Mexico,2
Japan,India,2
United Kingdom,Algeria,2
Turkey,Algeria,2
Germany,Algeria,2
Morocco,Algeria,2
Egypt,Algeria,2
Algeria,United Kingdom,2
Algeria,Turkey,2
Algeria,Germany,2
Algeria,Morocco,2
Algeria,Egypt,2
Dominican Republic,Martinique,2
Chile,France,2
Guadeloupe,Haiti,2
Haiti,Guadeloupe,2
France,French Guiana,2
Kenya,France,2
Angola,France,2
Ukraine,France,2
Comoros,Kenya,2
Ecuador,Netherlands,2
Azerbaijan,France,2
Martinique,French Guiana,2
Armenia,France,2
France,Chile,2
France,Kenya,2
France,Angola,2
France,Ukraine,2
France,Azerbaijan,2
France,Armenia,2
France,Congo (Kinshasa),2
France,Mali,2
France,Serbia,2
France,Cote d'Ivoire,2
French Guiana,France,2
French Guiana,Martinique,2
Congo (Kinshasa),France,2
Serbia,France,2
Netherlands,Ecuador,2
Jordan,France,2
Cote d'Ivoire,France,2
Canada,Poland,2
Canada,Israel,2
Canada,Brazil,2
Canada,Grenada,2
Canada,Cayman Islands,2
Canada,Colombia,2
Canada,Bermuda,2
Canada,New Zealand,2
Canada,Antigua and Barbuda,2
Poland,Canada,2
Israel,Canada,2
Brazil,Canada,2
Grenada,Canada,2
Cayman Islands,Canada,2
Colombia,Canada,2
Bermuda,Canada,2
Antigua and Barbuda,Canada,2
New Zealand,Canada,2
Namibia,Germany,2
Germany,Namibia,2
Jamaica,Germany,2
Iraq,Germany,2
Germany,Jamaica,2
Germany,Iraq,2
Fiji,Samoa,2
United States,Finland,2
Finland,United States,2
Samoa,United States,2
Austria,Georgia,2
Georgia,Austria,2
Georgia,Latvia,2
Georgia,Germany,2
Georgia,United Arab Emirates,2
Latvia,Georgia,2
Germany,Georgia,2
United Arab Emirates,Georgia,2
Georgia,Georgia,2
Austria,Greece,2
Israel,Greece,2
Portugal,Greece,2
Denmark,Greece,2
Greece,Austria,2
Greece,Israel,2
Greece,Portugal,2
Greece,Denmark,2
Kenya,India,2
India,Kenya,2
Austria,Moldova,2
Moldova,Austria,2
Moldova,Ukraine,2
Moldova,Germany,2
Ukraine,Moldova,2
Germany,Moldova,2
Puerto Rico,Saint Kitts and Nevis,2
Saint Kitts and Nevis,Puerto Rico,2
Sudan,Chad,2
Chad,Chad,2
Sao Tome and Principe,Portugal,2
Portugal,Sao Tome and Principe,2
Dominican Republic,Cuba,2
Puerto Rico,Netherlands Antilles,2
Colombia,Netherlands Antilles,2
Jamaica,Netherlands Antilles,2
Netherlands Antilles,Colombia,2
Netherlands Antilles,Jamaica,2
Djibouti,Somalia,2
Djibouti,United Arab Emirates,2
United Arab Emirates,Somalia,2
Somalia,Djibouti,2
Bolivia,United States,2
Bolivia,Paraguay,2
United States,Bolivia,2
Paraguay,Bolivia,2
Philippines,Brunei,2
Brunei,Philippines,2
Bosnia and Herzegovina,Germany,2
Germany,Bosnia and Herzegovina,2
Switzerland,Macedonia,2
Macedonia,Switzerland,2
Turkey,Tajikistan,2
Tajikistan,Turkey,2
Tajikistan,United Arab Emirates,2
United Arab Emirates,Tajikistan,2
Nepal,Bangladesh,2
Northern Mariana Islands,China,2
China,Northern Mariana Islands,2
Dominican Republic,Guadeloupe,2
Dominican Republic,Haiti,2
Haiti,Dominican Republic,2
Colombia,Aruba,2
Aruba,Colombia,2
Burkina Faso,Togo,2
Togo,Burkina Faso,2
Burkina Faso,Burkina Faso,2
Switzerland,Montenegro,1
Montenegro,Switzerland,1
Montenegro,Germany,1
Montenegro,Italy,1
Montenegro,Denmark,1
Montenegro,France,1
Germany,Montenegro,1
Italy,Montenegro,1
Denmark,Montenegro,1
France,Montenegro,1
Virgin Islands,British Virgin Islands,1
British Virgin Islands,Virgin Islands,1
Netherlands Antilles,Dominica,1
British Virgin Islands,Dominica,1
Somalia,Yemen,1
Cape Verde,Germany,1
Germany,Cape Verde,1
Switzerland,Oman,1
Italy,Oman,1
Maldives,Oman,1
Oman,Switzerland,1
Oman,Italy,1
Oman,Maldives,1
Oman,Nepal,1
Oman,France,1
Oman,Thailand,1
Oman,Lebanon,1
Nepal,Oman,1
Tanzania,Oman,1
France,Oman,1
Thailand,Oman,1
Lebanon,Oman,1
Nigeria,Rwanda,1
Rwanda,Nigeria,1
Rwanda,South Africa,1
Rwanda,United Arab Emirates,1
Rwanda,Congo (Kinshasa),1
Rwanda,Belgium,1
South Africa,Rwanda,1
United Arab Emirates,Rwanda,1
Congo (Kinshasa),Rwanda,1
Macedonia,United Kingdom,1
United Kingdom,Macedonia,1
Iran,Kazakhstan,1
Kazakhstan,Iran,1
Nigeria,Angola,1
Nigeria,Sierra Leone,1
Nigeria,Senegal,1
Angola,Nigeria,1
Sierra Leone,Nigeria,1
Senegal,Nigeria,1
Canada,Ukraine,1
Lithuania,Ukraine,1
Vietnam,Ukraine,1
Cyprus,Ukraine,1
Ukraine,Canada,1
Ukraine,Lithuania,1
Ukraine,Vietnam,1
Ukraine,Cyprus,1
Ukraine,United States,1
Ukraine,Sri Lanka,1
Ukraine,Greece,1
Ukraine,Sweden,1
United States,Ukraine,1
Sri Lanka,Ukraine,1
Greece,Ukraine,1
Sweden,Ukraine,1
Cook Islands,French Polynesia,1
French Polynesia,Cook Islands,1
Trinidad and Tobago,United Kingdom,1
United Kingdom,Trinidad and Tobago,1
Cape Verde,Netherlands,1
Cape Verde,United States,1
Brazil,Cape Verde,1
United States,Cape Verde,1
Netherlands,Cape Verde,1
Sao Tome and Principe,Gabon,1
Sao Tome and Principe,Cameroon,1
Gabon,Sao Tome and Principe,1
Cameroon,Sao Tome and Principe,1
Senegal,Benin,1
Benin,Senegal,1
Gambia,Ghana,1
Ghana,Gambia,1
Saint Vincent and the Grenadines,Dominica,1
Venezuela,Saint Vincent and the Grenadines,1
Venezuela,Grenada,1
Grenada,Venezuela,1
Dominica,Venezuela,1
Syria,Venezuela,1
Venezuela,Syria,1
Australia,Reunion,1
Seychelles,Reunion,1
Reunion,Australia,1
Reunion,Seychelles,1
Reunion,Comoros,1
Reunion,Mayotte,1
Reunion,Thailand,1
Comoros,Reunion,1
Mayotte,Reunion,1
Mayotte,France,1
Thailand,Reunion,1
Bahamas,Cuba,1
Cuba,Bahamas,1
Canada,Russia,1
Lithuania,Russia,1
Seychelles,Russia,1
Tunisia,Russia,1
Mauritius,Russia,1
Malaysia,Russia,1
Russia,Canada,1
Russia,Lithuania,1
Russia,Seychelles,1
Russia,Tunisia,1
Russia,Mauritius,1
Russia,Malaysia,1
Zambia,Congo (Kinshasa),1
United Kingdom,Zimbabwe,1
Malaysia,Zimbabwe,1
Zimbabwe,United Kingdom,1
Zimbabwe,Malaysia,1
Zimbabwe,Congo (Kinshasa),1
Congo (Kinshasa),Zimbabwe,1
Japan,Maldives,1
Japan,Sri Lanka,1
United Kingdom,Sri Lanka,1
Germany,Sri Lanka,1
Italy,Sri Lanka,1
Sri Lanka,Japan,1
Sri Lanka,Italy,1
Sri Lanka,United Kingdom,1
Sri Lanka,Germany,1
Sri Lanka,France,1
France,Sri Lanka,1
Tunisia,Malta,1
Malta,Tunisia,1
Ukraine,Iran,1
Ukraine,Lebanon,1
Iran,Ukraine,1
Lebanon,Ukraine,1
Georgia,Armenia,1
Cyprus,Armenia,1
Turkey,Armenia,1
Armenia,Georgia,1
Armenia,Cyprus,1
Armenia,Lebanon,1
Armenia,Greece,1
Lebanon,Armenia,1
Greece,Armenia,1
South Sudan,Uganda,1
Uganda,South Sudan,1
United Kingdom,Slovenia,1
Slovenia,United Kingdom,1
Guadeloupe,French Guiana,1
Haiti,France,1
France,Haiti,1
Cuba,Martinique,1
Martinique,Dominican Republic,1
Martinique,Cuba,1
French Guiana,Brazil,1
Brazil,French Guiana,1
Austria,Tunisia,1
Tunisia,Austria,1
Tunisia,Mauritania,1
Tunisia,Portugal,1
Tunisia,Kuwait,1
Tunisia,Senegal,1
Tunisia,Mali,1
Tunisia,Serbia,1
Tunisia,Greece,1
Tunisia,Netherlands,1
Tunisia,Cote d'Ivoire,1
Mauritania,Tunisia,1
Portugal,Tunisia,1
Kuwait,Tunisia,1
Senegal,Tunisia,1
Mali,Tunisia,1
Serbia,Tunisia,1
Greece,Tunisia,1
Netherlands,Tunisia,1
Cote d'Ivoire,Tunisia,1
Czech Republic,Portugal,1
Guinea-Bissau,Portugal,1
Portugal,Czech Republic,1
Portugal,Guinea-Bissau,1
Portugal,Finland,1
Portugal,Russia,1
Portugal,Senegal,1
Portugal,Hungary,1
Portugal,Mali,1
Portugal,Algeria,1
Portugal,Ghana,1
Finland,Portugal,1
Russia,Portugal,1
Senegal,Portugal,1
Hungary,Portugal,1
Mali,Portugal,1
Algeria,Portugal,1
Ghana,Portugal,1
Mozambique,Tanzania,1
Tanzania,Mozambique,1
Canada,Turkey,1
Israel,Turkey,1
Albania,Turkey,1
Montenegro,Turkey,1
Bulgaria,Turkey,1
Czech Republic,Turkey,1
Oman,Turkey,1
Nigeria,Turkey,1
Kuwait,Turkey,1
Sudan,Turkey,1
South Africa,Turkey,1
Turkey,Canada,1
Turkey,Israel,1
Turkey,Albania,1
Turkey,Montenegro,1
Turkey,Bulgaria,1
Turkey,Czech Republic,1
Turkey,Oman,1
Turkey,Nigeria,1
Turkey,Kuwait,1
Turkey,Sudan,1
Turkey,South Africa,1
Turkey,Hong Kong,1
Turkey,Finland,1
Turkey,Brazil,1
Turkey,Uganda,1
Turkey,Ireland,1
Turkey,Tanzania,1
Turkey,Ghana,1
Hong Kong,Turkey,1
Finland,Turkey,1
Brazil,Turkey,1
Uganda,Turkey,1
Ireland,Turkey,1
Senegal,Turkey,1
Tanzania,Turkey,1
Ghana,Turkey,1
Virgin Islands,France,1
Puerto Rico,France,1
France,Virgin Islands,1
France,Puerto Rico,1
Norway,Thailand,1
United States,Thailand,1
Belgium,Thailand,1
Thailand,Norway,1
Thailand,United States,1
Thailand,Belgium,1
Thailand,Sweden,1
Sweden,Thailand,1
El Salvador,Cuba,1
El Salvador,Ecuador,1
Uruguay,Peru,1
Peru,Uruguay,1
Peru,Cuba,1
Peru,Paraguay,1
Cuba,El Salvador,1
Cuba,Peru,1
Ecuador,El Salvador,1
Paraguay,Peru,1
Germany,Turkmenistan,1
Turkmenistan,Germany,1
Namibia,Botswana,1
Namibia,Zambia,1
Namibia,Ghana,1
Zimbabwe,Namibia,1
Botswana,Zimbabwe,1
Zambia,Namibia,1
Ghana,Namibia,1
Singapore,Saudi Arabia,1
Saudi Arabia,Singapore,1
Saudi Arabia,Nepal,1
Saudi Arabia,China,1
Iran,Saudi Arabia,1
Nepal,Saudi Arabia,1
South Africa,Saudi Arabia,1
Saudi Arabia,South Africa,1
Saudi Arabia,Iran,1
China,Saudi Arabia,1
Croatia,Russia,1
Russia,Croatia,1
Russia,Sri Lanka,1
Russia,Lebanon,1
Angola,Egypt,1
Egypt,Angola,1
Sri Lanka,Russia,1
Lebanon,Russia,1
Netherlands Antilles,Guadeloupe,1
Netherlands Antilles,Martinique,1
France,Mayotte,1
Singapore,Maldives,1
Maldives,Singapore,1
Senegal,Belgium,1
Belgium,Senegal,1
Romania,Denmark,1
Luxembourg,Denmark,1
Denmark,Romania,1
Denmark,Luxembourg,1
Switzerland,Guernsey,1
Jersey,Isle of Man,1
Isle of Man,Jersey,1
Isle of Man,Guernsey,1
Guernsey,Isle of Man,1
Maldives,France,1
France,Maldives,1
Chad,Nigeria,1
Nigeria,Sudan,1
Wallis and Futuna,New Caledonia,1
Wallis and Futuna,Fiji,1
French Polynesia,New Caledonia,1
New Caledonia,Wallis and Futuna,1
New Caledonia,French Polynesia,1
New Caledonia,Fiji,1
Fiji,Wallis and Futuna,1
Fiji,New Caledonia,1
Swaziland,South Africa,1
Lesotho,South Africa,1
Gabon,South Africa,1
South Africa,Swaziland,1
South Africa,Lesotho,1
South Africa,Gabon,1
South Africa,Brazil,1
South Africa,Uganda,1
South Africa,Ghana,1
Brazil,South Africa,1
Uganda,South Africa,1
Ghana,South Africa,1
Romania,United Arab Emirates,1
Romania,Egypt,1
United Arab Emirates,Romania,1
Egypt,Romania,1
Tunisia,Jordan,1
Kenya,Jordan,1
Cyprus,Jordan,1
Sri Lanka,Jordan,1
Belgium,Jordan,1
Greece,Jordan,1
Netherlands,Jordan,1
Jordan,Tunisia,1
Jordan,Kenya,1
Jordan,Cyprus,1
Jordan,Sudan,1
Jordan,Sri Lanka,1
Jordan,Belgium,1
Jordan,Greece,1
Jordan,Netherlands,1
Isle of Man,Ireland,1
Ireland,Isle of Man,1
Iceland,Faroe Islands,1
Faroe Islands,Iceland,1
Austria,Syria,1
Spain,Syria,1
Sudan,Syria,1
Syria,Sweden,1
Germany,Syria,1
Italy,Syria,1
Armenia,Syria,1
Syria,Austria,1
Syria,Spain,1
Syria,Italy,1
Syria,Lebanon,1
Syria,Netherlands,1
Lebanon,Syria,1
Syria,Armenia,1
Syria,Belgium,1
Malaysia,Nepal,1
Nepal,Malaysia,1
Vietnam,Indonesia,1
Indonesia,Vietnam,1
Laos,Singapore,1
Singapore,Laos,1
Canada,Qatar,1
Austria,Qatar,1
Tunisia,Qatar,1
Singapore,Qatar,1
Seychelles,Qatar,1
Romania,Qatar,1
Norway,Qatar,1
Kenya,Qatar,1
Maldives,Qatar,1
Australia,Qatar,1
Nigeria,Qatar,1
Nepal,Qatar,1
South Africa,Qatar,1
Hong Kong,Qatar,1
Brazil,Qatar,1
Uganda,Qatar,1
Qatar,Canada,1
Qatar,Austria,1
Qatar,Tunisia,1
Qatar,Singapore,1
Qatar,Seychelles,1
Qatar,Romania,1
Qatar,Norway,1
Qatar,Kenya,1
Qatar,Maldives,1
Qatar,Australia,1
Qatar,Nigeria,1
Qatar,South Africa,1
Qatar,Hong Kong,1
Qatar,Brazil,1
Qatar,Uganda,1
Qatar,Russia,1
Qatar,Tanzania,1
Qatar,Bangladesh,1
Qatar,Denmark,1
Qatar,Indonesia,1
Qatar,France,1
Qatar,Hungary,1
Qatar,Belgium,1
Qatar,Thailand,1
Qatar,Libya,1
Qatar,Greece,1
Qatar,Sweden,1
Qatar,Algeria,1
Russia,Qatar,1
Tanzania,Qatar,1
Denmark,Qatar,1
Indonesia,Qatar,1
France,Qatar,1
Hungary,Qatar,1
Belgium,Qatar,1
Thailand,Qatar,1
Libya,Qatar,1
Greece,Qatar,1
Sweden,Qatar,1
Algeria,Qatar,1
Tanzania,Malawi,1
Malawi,Tanzania,1
Congo (Brazzaville),Cameroon,1
Cameroon,Congo (Brazzaville),1
Netherlands Antilles,Anguilla,1
Anguilla,Netherlands Antilles,1
Suriname,Brazil,1
Suriname,Aruba,1
Aruba,Suriname,1
Singapore,Papua New Guinea,1
Papua New Guinea,Singapore,1
Papua New Guinea,Japan,1
Papua New Guinea,Philippines,1
Papua New Guinea,Hong Kong,1
Papua New Guinea,Solomon Islands,1
Japan,Papua New Guinea,1
Philippines,Papua New Guinea,1
Hong Kong,Papua New Guinea,1
Solomon Islands,Papua New Guinea,1
Comoros,Tanzania,1
Tanzania,Comoros,1
Canada,Philippines,1
Philippines,Canada,1
Norway,Pakistan,1
Pakistan,Norway,1
Pakistan,Netherlands,1
Nepal,Pakistan,1
Pakistan,Nepal,1
United States,Pakistan,1
Pakistan,Germany,1
Pakistan,Denmark,1
Pakistan,France,1
Germany,Pakistan,1
Denmark,Pakistan,1
Netherlands,Pakistan,1
Maldives,Thailand,1
Thailand,Maldives,1
Lithuania,Estonia,1
Estonia,Lithuania,1
Croatia,Montenegro,1
Croatia,Macedonia,1
Croatia,Bosnia and Herzegovina,1
Croatia,Serbia,1
Croatia,Netherlands,1
Montenegro,Croatia,1
Macedonia,Croatia,1
Bosnia and Herzegovina,Croatia,1
Serbia,Croatia,1
Netherlands,Croatia,1
Lithuania,Austria,1
Austria,Lithuania,1
Austria,Albania,1
Austria,Macedonia,1
Austria,Bosnia and Herzegovina,1
Austria,Maldives,1
Austria,Cyprus,1
Austria,Slovakia,1
Austria,Hungary,1
Albania,Austria,1
Macedonia,Austria,1
Bosnia and Herzegovina,Austria,1
Maldives,Austria,1
Cyprus,Austria,1
Slovakia,Austria,1
Hungary,Austria,1
Dominican Republic,Jamaica,1
Jamaica,Netherlands,1
United Arab Emirates,Bulgaria,1
Sri Lanka,Netherlands,1
Aruba,Netherlands,1
Mongolia,Japan,1
Mongolia,Hong Kong,1
Japan,Mongolia,1
Hong Kong,Mongolia,1
Croatia,Czech Republic,1
Lithuania,Czech Republic,1
Estonia,Czech Republic,1
Georgia,Czech Republic,1
Macedonia,Czech Republic,1
Latvia,Czech Republic,1
Czech Republic,Croatia,1
Czech Republic,Lithuania,1
Czech Republic,Estonia,1
Czech Republic,Georgia,1
Czech Republic,Macedonia,1
Czech Republic,Latvia,1
Czech Republic,Romania,1
Czech Republic,Slovenia,1
Czech Republic,Cyprus,1
Czech Republic,Lebanon,1
Czech Republic,Greece,1
Czech Republic,Kazakhstan,1
Romania,Czech Republic,1
Slovenia,Czech Republic,1
Cyprus,Czech Republic,1
Lebanon,Czech Republic,1
Greece,Czech Republic,1
Kazakhstan,Czech Republic,1
Australia,Cook Islands,1
Cook Islands,Australia,1
Norfolk Island,New Zealand,1
Niue,New Zealand,1
New Zealand,Norfolk Island,1
New Zealand,Niue,1
China,Sri Lanka,1
Sri Lanka,China,1
Kenya,Egypt,1
Malta,Egypt,1
Cyprus,Egypt,1
South Sudan,Egypt,1
Uganda,Egypt,1
Tanzania,Egypt,1
Egypt,Kenya,1
Egypt,Malta,1
Egypt,Cyprus,1
Egypt,South Sudan,1
Egypt,Uganda,1
Egypt,Tanzania,1
Egypt,Hungary,1
Egypt,India,1
Egypt,Eritrea,1
Egypt,Ghana,1
Hungary,Egypt,1
India,Egypt,1
Eritrea,Egypt,1
Ghana,Egypt,1
Mauritius,Hong Kong,1
Hong Kong,Mauritius,1
Singapore,East Timor,1
East Timor,Singapore,1
Maldives,Malaysia,1
Malaysia,Maldives,1
Malaysia,Germany,1
Germany,Malaysia,1
Nigeria,Cote d'Ivoire,1
Switzerland,Lebanon,1
Lebanon,Switzerland,1
Lebanon,Greece,1
Greece,Lebanon,1
Cote d'Ivoire,Nigeria,1
Comoros,Comoros,1
Croatia,Hungary,1
Montenegro,Hungary,1
Macedonia,Hungary,1
Bosnia and Herzegovina,Hungary,1
Cyprus,Hungary,1
Hungary,Croatia,1
Hungary,Montenegro,1
Hungary,Macedonia,1
Hungary,Bosnia and Herzegovina,1
Hungary,Cyprus,1
Hungary,Lebanon,1
Lebanon,Hungary,1
Albania,Belgium,1
Belgium,Albania,1
Israel,South Africa,1
Israel,Hong Kong,1
Israel,India,1
South Africa,Israel,1
Hong Kong,Israel,1
India,Israel,1
Switzerland,Cuba,1
Switzerland,Dominican Republic,1
Switzerland,Romania,1
Switzerland,Tanzania,1
Switzerland,Hong Kong,1
Switzerland,Brazil,1
Dominican Republic,Switzerland,1
Romania,Switzerland,1
Hong Kong,Switzerland,1
Brazil,Switzerland,1
Mexico,Switzerland,1
Canada,El Salvador,1
Costa Rica,Ecuador,1
El Salvador,Canada,1
Ecuador,Costa Rica,1
Poland,Lithuania,1
Poland,Estonia,1
Poland,Georgia,1
Poland,Cyprus,1
Poland,Vietnam,1
Poland,Greece,1
Lithuania,Poland,1
Estonia,Poland,1
Georgia,Poland,1
Cyprus,Poland,1
Vietnam,Poland,1
Greece,Poland,1
Netherlands Antilles,Saint Lucia,1
Netherlands Antilles,Antigua and Barbuda,1
Saint Vincent and the Grenadines,Saint Lucia,1
Saint Vincent and the Grenadines,Puerto Rico,1
Saint Vincent and the Grenadines,Trinidad and Tobago,1
Virgin Islands,Anguilla,1
Saint Lucia,Netherlands Antilles,1
Saint Lucia,Saint Vincent and the Grenadines,1
Saint Lucia,Dominica,1
Saint Lucia,Antigua and Barbuda,1
Puerto Rico,Saint Vincent and the Grenadines,1
Guadeloupe,Dominica,1
Guadeloupe,Antigua and Barbuda,1
Trinidad and Tobago,Saint Vincent and the Grenadines,1
Saint Kitts and Nevis,British Virgin Islands,1
Guyana,Barbados,1
British Virgin Islands,Antigua and Barbuda,1
Dominica,Saint Lucia,1
Dominica,Guadeloupe,1
Dominica,Barbados,1
Dominica,Antigua and Barbuda,1
Barbados,Saint Lucia,1
Barbados,Guyana,1
Barbados,Dominica,1
Anguilla,Virgin Islands,1
Anguilla,Antigua and Barbuda,1
Antigua and Barbuda,Netherlands Antilles,1
Antigua and Barbuda,Saint Lucia,1
Antigua and Barbuda,Guadeloupe,1
Antigua and Barbuda,British Virgin Islands,1
Antigua and Barbuda,Dominica,1
Antigua and Barbuda,Anguilla,1
Albania,Germany,1
Equatorial Guinea,Nigeria,1
Germany,Albania,1
Gabon,Germany,1
Germany,Gabon,1
Germany,Argentina,1
Germany,Venezuela,1
Germany,Ghana,1
Argentina,Germany,1
Venezuela,Germany,1
Ghana,Germany,1
Nigeria,Equatorial Guinea,1
Cape Verde,Luxembourg,1
Tunisia,Luxembourg,1
Luxembourg,Tunisia,1
Luxembourg,Cape Verde,1
Luxembourg,Morocco,1
Morocco,Luxembourg,1
Chile,Dominican Republic,1
Chile,Ecuador,1
Chile,Venezuela,1
Argentina,Falkland Islands,1
Dominican Republic,Chile,1
Falkland Islands,Chile,1
Chile,French Polynesia,1
Ecuador,Chile,1
Ecuador,Argentina,1
Argentina,Ecuador,1
Venezuela,Chile,1
Liberia,Senegal,1
Guinea-Bissau,Sierra Leone,1
Sierra Leone,Guinea-Bissau,1
Senegal,Liberia,1
Cuba,Cayman Islands,1
Cayman Islands,Cuba,1
Kuwait,Malaysia,1
Kuwait,Thailand,1
Malaysia,Kuwait,1
Sri Lanka,Kuwait,1
Thailand,Kuwait,1
Seychelles,Kenya,1
Burkina Faso,Kenya,1
Chad,Kenya,1
Chad,Benin,1
Kenya,Seychelles,1
Kenya,Burkina Faso,1
Kenya,Chad,1
Kenya,Sudan,1
Kenya,Comoros,1
Kenya,Mayotte,1
Kenya,Benin,1
Kenya,Mali,1
Kenya,Thailand,1
Kenya,Central African Republic,1
Kenya,Ghana,1
Kenya,Cote d'Ivoire,1
Gabon,Kenya,1
Sudan,Kenya,1
Sierra Leone,Ghana,1
Mayotte,Kenya,1
Benin,Chad,1
Benin,Kenya,1
Mali,Kenya,1
Thailand,Kenya,1
Central African Republic,Kenya,1
Ghana,Kenya,1
Ghana,Sierra Leone,1
Cote d'Ivoire,Kenya,1
Malta,Russia,1
Malta,Greece,1
Russia,Malta,1
Greece,Malta,1
Philippines,Netherlands,1
Luxembourg,Netherlands,1
South Korea,Netherlands,1
Cuba,Netherlands,1
Argentina,Netherlands,1
Tanzania,Netherlands,1
Netherlands,Philippines,1
Netherlands,Luxembourg,1
Netherlands,Tanzania,1
Netherlands,Argentina,1
Netherlands,Ghana,1
Ghana,Netherlands,1
Switzerland,South Korea,1
Israel,South Korea,1
Uzbekistan,Egypt,1
Fiji,South Korea,1
Nepal,South Korea,1
South Korea,Austria,1
South Korea,Israel,1
South Korea,Fiji,1
South Korea,Spain,1
South Korea,Nepal,1
South Korea,New Zealand,1
Egypt,Uzbekistan,1
New Zealand,South Korea,1
Georgia,Kazakhstan,1
Malaysia,Kazakhstan,1
Kyrgyzstan,Kazakhstan,1
Thailand,Kazakhstan,1
Kazakhstan,Georgia,1
Kazakhstan,Malaysia,1
Kazakhstan,Kyrgyzstan,1
Kazakhstan,Thailand,1
Bhutan,Nepal,1
Bhutan,Bangladesh,1
Nepal,Bhutan,1
Bangladesh,Bhutan,1
Cambodia,Hong Kong,1
Hong Kong,Cambodia,1
Turks and Caicos Islands,Jamaica,1
Jamaica,Turks and Caicos Islands,1
Macedonia,Serbia,1
Bosnia and Herzegovina,Serbia,1
Cyprus,Serbia,1
Serbia,Macedonia,1
Serbia,Bosnia and Herzegovina,1
Serbia,Cyprus,1
Korea,Thailand,1
Thailand,Korea,1
Albania,Slovenia,1
Macedonia,Slovenia,1
Bosnia and Herzegovina,Slovenia,1
Slovenia,Albania,1
Slovenia,Macedonia,1
Slovenia,Bosnia and Herzegovina,1
Slovenia,Netherlands,1
Netherlands,Slovenia,1
Mali,Spain,1
Gambia,Spain,1
Serbia,Spain,1
Spain,Mali,1
Spain,Gambia,1
Spain,Serbia,1
Switzerland,Bosnia and Herzegovina,1
Bosnia and Herzegovina,Denmark,1
Bosnia and Herzegovina,Netherlands,1
Denmark,Bosnia and Herzegovina,1
Bosnia and Herzegovina,Switzerland,1
Netherlands,Bosnia and Herzegovina,1
Israel,Azerbaijan,1
Italy,Azerbaijan,1
Azerbaijan,Israel,1
Azerbaijan,Italy,1
Yemen,Kenya,1
Yemen,Sudan,1
Yemen,Lebanon,1
Yemen,Eritrea,1
Yemen,Ethiopia,1
Kenya,Yemen,1
Sudan,Yemen,1
Djibouti,Comoros,1
Comoros,Yemen,1
Comoros,Djibouti,1
Lebanon,Yemen,1
Eritrea,Yemen,1
Ethiopia,Yemen,1
Uzbekistan,Iran,1
France,Iran,1
Italy,Iran,1
United Kingdom,Iran,1
Iran,Uzbekistan,1
Iran,France,1
Iran,Italy,1
Iran,United Kingdom,1
Iran,Denmark,1
Denmark,Iran,1
India,Iran,1
Italy,Senegal,1
Senegal,Italy,1
Costa Rica,Spain,1
Panama,Spain,1
Spain,Costa Rica,1
Spain,Panama,1
Spain,Nigeria,1
Spain,South Africa,1
Spain,Guatemala,1
Nigeria,Spain,1
South Africa,Spain,1
Liberia,Mali,1
Togo,Gabon,1
Gabon,Togo,1
Mali,Liberia,1
Israel,Uzbekistan,1
Uzbekistan,Israel,1
Uzbekistan,Japan,1
Uzbekistan,Spain,1
Uzbekistan,United Kingdom,1
Uzbekistan,Pakistan,1
Uzbekistan,Azerbaijan,1
Uzbekistan,Germany,1
Uzbekistan,France,1
Uzbekistan,Thailand,1
Uzbekistan,Turkmenistan,1
Latvia,United States,1
Japan,Uzbekistan,1
United Kingdom,Uzbekistan,1
Pakistan,Uzbekistan,1
United States,Latvia,1
Azerbaijan,Uzbekistan,1
Switzerland,Uzbekistan,1
Germany,Uzbekistan,1
France,Uzbekistan,1
Thailand,Uzbekistan,1
Turkmenistan,Uzbekistan,1
Seychelles,Mauritius,1
Seychelles,South Africa,1
Mauritius,Seychelles,1
South Africa,Seychelles,1
American Samoa,United States,1
United States,American Samoa,1
Guernsey,France,1
France,Guernsey,1
Greenland,Denmark,1
Denmark,Greenland,1
Kenya,Bahrain,1
Afghanistan,Bahrain,1
Switzerland,Bahrain,1
Germany,Bahrain,1
Uganda,Bahrain,1
Bangladesh,Bahrain,1
Denmark,Bahrain,1
France,Bahrain,1
Bahrain,Kenya,1
Bahrain,Afghanistan,1
Bahrain,Switzerland,1
Bahrain,Germany,1
Bahrain,Uganda,1
Bahrain,Bangladesh,1
Bahrain,Denmark,1
Bahrain,France,1
Bahrain,Greece,1
Bahrain,Ethiopia,1
Greece,Bahrain,1
Ethiopia,Bahrain,1
Dominican Republic,Venezuela,1
Brazil,Barbados,1
Venezuela,Dominican Republic,1
Brazil,Netherlands Antilles,1
Barbados,Brazil,1
Aruba,Brazil,1
United Arab Emirates,Djibouti,1
United Arab Emirates,Serbia,1
Serbia,United Arab Emirates,1
Estonia,Spain,1
Estonia,Ireland,1
Estonia,Italy,1
Latvia,Ireland,1
Sweden,Malta,1
Malta,Sweden,1
Malta,Ireland,1
Spain,Slovakia,1
Cyprus,Spain,1
Cyprus,Belgium,1
Lithuania,France,1
Spain,Estonia,1
Spain,Cyprus,1
Ireland,Estonia,1
Ireland,Latvia,1
Ireland,Malta,1
Ireland,Slovakia,1
Belgium,Cyprus,1
Belgium,Slovakia,1
France,Lithuania,1
France,Slovakia,1
Slovakia,Spain,1
Slovakia,Ireland,1
Slovakia,Belgium,1
Slovakia,France,1
Italy,Estonia,1
Fiji,Tuvalu,1
United States,Samoa,1
Tuvalu,Fiji,1
Samoa,Fiji,1
Iceland,France,1
Iceland,Sweden,1
Iceland,Netherlands,1
France,Iceland,1
Sweden,Iceland,1
Netherlands,Iceland,1
China,Afghanistan,1
Russia,Afghanistan,1
Afghanistan,China,1
Afghanistan,Russia,1
Afghanistan,Germany,1
Germany,Afghanistan,1
Switzerland,Bulgaria,1
Bulgaria,Switzerland,1
Bulgaria,Lebanon,1
Lebanon,Bulgaria,1
Belarus,United Arab Emirates,1
United Arab Emirates,Belarus,1
Israel,Ethiopia,1
Congo (Brazzaville),Ethiopia,1
China,Ethiopia,1
Burkina Faso,Ethiopia,1
Niger,Nigeria,1
Chad,Ethiopia,1
Mozambique,Ethiopia,1
Zambia,Ethiopia,1
Nigeria,Gabon,1
Malawi,Congo (Kinshasa),1
Malawi,Ethiopia,1
Togo,Cote d'Ivoire,1
Gabon,Nigeria,1
Gabon,Ethiopia,1
Angola,Ethiopia,1
United States,Ethiopia,1
Zimbabwe,Ethiopia,1
Congo (Kinshasa),Malawi,1
France,Ethiopia,1
Ethiopia,Israel,1
Ethiopia,Congo (Brazzaville),1
Ethiopia,China,1
Ethiopia,Burkina Faso,1
Ethiopia,Chad,1
Ethiopia,Mozambique,1
Ethiopia,Zambia,1
Ethiopia,Malawi,1
Ethiopia,Gabon,1
Ethiopia,Angola,1
Ethiopia,Zimbabwe,1
Ethiopia,France,1
Ethiopia,Ghana,1
Ghana,Ethiopia,1
Nigeria,Niger,1
Spain,United Arab Emirates,1
Nigeria,United Arab Emirates,1
United Arab Emirates,Spain,1
United Arab Emirates,Nigeria,1
United Arab Emirates,Senegal,1
United Arab Emirates,Tanzania,1
United Arab Emirates,Ghana,1
Senegal,United Arab Emirates,1
Tanzania,United Arab Emirates,1
Ghana,United Arab Emirates,1
Czech Republic,Ireland,1
Romania,Ireland,1
Ireland,Czech Republic,1
Ireland,Romania,1
Ireland,Morocco,1
Morocco,Ireland,1
Tajikistan,India,1
India,Tajikistan,1
Norway,Cyprus,1
Norway,United Arab Emirates,1
Norway,Hungary,1
Norway,Serbia,1
Cyprus,Norway,1
United Arab Emirates,Norway,1
United Arab Emirates,Sweden,1
Hungary,Norway,1
Serbia,Norway,1
Sweden,United Arab Emirates,1
Kazakhstan,Armenia,1
Armenia,Kazakhstan,1
Sao Tome and Principe,Cape Verde,1
Sao Tome and Principe,Angola,1
Cape Verde,Sao Tome and Principe,1
China,Angola,1
Zambia,Angola,1
Angola,Sao Tome and Principe,1
Angola,China,1
Angola,Zimbabwe,1
Angola,Cuba,1
Cuba,Angola,1
Congo (Kinshasa),Angola,1
Congo (Kinshasa),Central African Republic,1
Central African Republic,Congo (Kinshasa),1
Niger,Mali,1
Mali,Niger,1
United States,Guyana,1
Guyana,United States,1
Christmas Island,Australia,1
Christmas Island,Cocos (Keeling) Islands,1
Tonga,Australia,1
Australia,Tonga,1
Australia,Christmas Island,1
Cocos (Keeling) Islands,Christmas Island,1
Tanzania,Germany,1
Austria,Dominican Republic,1
Puerto Rico,Germany,1
Seychelles,Germany,1
Dominican Republic,Austria,1
Cuba,Jamaica,1
Germany,Saint Lucia,1
Germany,Trinidad and Tobago,1
Germany,Puerto Rico,1
Germany,Seychelles,1
Germany,Tanzania,1
Germany,Gambia,1
Germany,Barbados,1
Germany,Antigua and Barbuda,1
Gambia,Germany,1
Barbados,Germany,1
China,Georgia,1
China,Turkmenistan,1
Georgia,China,1
Turkmenistan,China,1
Switzerland,Cyprus,1
Cyprus,Switzerland,1
Cyprus,France,1
France,Cyprus,1
Saudi Arabia,Hong Kong,1
Hong Kong,Saudi Arabia,1
Hong Kong,Bahrain,1
Bahrain,Hong Kong,1
Cuba,Argentina,1
Canada,Panama,1
Bolivia,Panama,1
Honduras,Panama,1
Netherlands Antilles,Panama,1
Chile,Panama,1
Panama,Canada,1
Panama,Bolivia,1
Panama,Honduras,1
Panama,Netherlands Antilles,1
Panama,Chile,1
Panama,Trinidad and Tobago,1
Panama,Haiti,1
Panama,Bahamas,1
Panama,Uruguay,1
Panama,Peru,1
Panama,Guatemala,1
Panama,Paraguay,1
Trinidad and Tobago,Panama,1
Haiti,Panama,1
Bahamas,Panama,1
Uruguay,Panama,1
Peru,Panama,1
Guatemala,Panama,1
Paraguay,Panama,1
Austria,Taiwan,1
Taiwan,Austria,1
Taiwan,Palau,1
Taiwan,Burma,1
Taiwan,United Kingdom,1
Taiwan,Germany,1
Palau,Taiwan,1
Burma,Taiwan,1
United Kingdom,Taiwan,1
Germany,Taiwan,1
China,Spain,1
Spain,China,1
Canada,Trinidad and Tobago,1
Trinidad and Tobago,Canada,1
Trinidad and Tobago,Jamaica,1
Trinidad and Tobago,Guyana,1
Trinidad and Tobago,Antigua and Barbuda,1
Bahamas,Jamaica,1
Jamaica,Trinidad and Tobago,1
Jamaica,Bahamas,1
Jamaica,Barbados,1
Jamaica,Antigua and Barbuda,1
Guyana,Trinidad and Tobago,1
Barbados,Jamaica,1
Antigua and Barbuda,Trinidad and Tobago,1
Antigua and Barbuda,Jamaica,1
Mexico,Italy,1
Switzerland,Latvia,1
Israel,Latvia,1
Estonia,Latvia,1
Latvia,Switzerland,1
Latvia,Israel,1
Latvia,Estonia,1
Latvia,United Arab Emirates,1
Latvia,France,1
Latvia,Spain,1
United Arab Emirates,Latvia,1
France,Latvia,1
Spain,Latvia,1
Taiwan,France,1
France,Taiwan,1
Zambia,Botswana,1
Zimbabwe,Botswana,1
Botswana,Zambia,1
China,Brunei,1
Australia,Brunei,1
Saudi Arabia,Brunei,1
United Arab Emirates,Brunei,1
Brunei,China,1
Brunei,Australia,1
Brunei,Saudi Arabia,1
Brunei,United Arab Emirates,1
Italy,Bangladesh,1
United Kingdom,Bangladesh,1
Bangladesh,United Kingdom,1
Bangladesh,Hong Kong,1
Bangladesh,Italy,1
Isle of Man,Switzerland,1
Switzerland,Isle of Man,1
United Kingdom,Sierra Leone,1
Sudan,Lebanon,1
Azerbaijan,Kyrgyzstan,1
Kyrgyzstan,Azerbaijan,1
Sierra Leone,United Kingdom,1
Lebanon,Sudan,1
Bahamas,United Kingdom,1
Bahamas,Cayman Islands,1
Zambia,United Kingdom,1
United Kingdom,Bahamas,1
United Kingdom,Zambia,1
United Kingdom,Argentina,1
United Kingdom,Uganda,1
United Kingdom,Tanzania,1
United Kingdom,Bermuda,1
Cayman Islands,Bahamas,1
Argentina,United Kingdom,1
Uganda,United Kingdom,1
Tanzania,United Kingdom,1
Bermuda,United Kingdom,1
Kazakhstan,Belarus,1
Israel,Belarus,1
Belarus,Kazakhstan,1
Belarus,Israel,1
Belarus,United Kingdom,1
Belarus,Cyprus,1
Belarus,Iran,1
Belarus,Armenia,1
Belarus,France,1
Belarus,Lebanon,1
Belarus,Turkmenistan,1
Belarus,Sweden,1
Belarus,Netherlands,1
United Kingdom,Belarus,1
Cyprus,Belarus,1
Iran,Belarus,1
Armenia,Belarus,1
France,Belarus,1
Lebanon,Belarus,1
Turkmenistan,Belarus,1
Sweden,Belarus,1
Netherlands,Belarus,1
Libya,Italy,1
Italy,Libya,1
Italy,Nigeria,1
Italy,Venezuela,1
Venezuela,Italy,1
Ghana,Italy,1
Austria,Finland,1
Singapore,Finland,1
South Korea,Finland,1
Hong Kong,Finland,1
Finland,Austria,1
Finland,Singapore,1
Finland,South Korea,1
Finland,Hong Kong,1
Finland,India,1
Finland,Thailand,1
India,Finland,1
Thailand,Finland,1
Bolivia,Colombia,1
Colombia,Bolivia,1
Canada,Morocco,1
Libya,Morocco,1
Russia,Morocco,1
Equatorial Guinea,Morocco,1
Liberia,Morocco,1
Congo (Brazzaville),Morocco,1
Guinea-Bissau,Morocco,1
Burkina Faso,Morocco,1
Niger,Morocco,1
Nigeria,Morocco,1
Togo,Morocco,1
Gabon,Angola,1
Gabon,Morocco,1
Angola,Gabon,1
Sierra Leone,Morocco,1
Senegal,Morocco,1
Benin,Morocco,1
Morocco,Canada,1
Morocco,Libya,1
Morocco,Russia,1
Morocco,Equatorial Guinea,1
Morocco,Liberia,1
Morocco,Congo (Brazzaville),1
Morocco,Burkina Faso,1
Morocco,Niger,1
Morocco,Nigeria,1
Morocco,Togo,1
Morocco,Gabon,1
Morocco,Sierra Leone,1
Morocco,Senegal,1
Morocco,Benin,1
Morocco,Guinea,1
Morocco,Mali,1
Morocco,Gambia,1
Morocco,Lebanon,1
Morocco,Ghana,1
Morocco,Cote d'Ivoire,1
Guinea,Morocco,1
Mali,Morocco,1
Gambia,Guinea-Bissau,1
Gambia,Morocco,1
Lebanon,Morocco,1
Ghana,Morocco,1
Cote d'Ivoire,Morocco,1
Argentina,New Zealand,1
New Zealand,Argentina,1
Mexico,China,1
Honduras,Mexico,1
China,Mexico,1
Japan,Mexico,1
Mexico,Honduras,1
Mexico,Venezuela,1
Venezuela,Mexico,1
Laos,Malaysia,1
Macau,Malaysia,1
Malaysia,Laos,1
Malaysia,Macau,1
Canada,India,1
India,Canada,1
Canada,Algeria,1
Russia,Algeria,1
China,Algeria,1
Burkina Faso,Algeria,1
Mauritania,Algeria,1
Niger,Algeria,1
Switzerland,Algeria,1
United Arab Emirates,Algeria,1
Senegal,Algeria,1
Belgium,Algeria,1
Mali,Algeria,1
Lebanon,Algeria,1
Jordan,Algeria,1
Algeria,Canada,1
Algeria,Russia,1
Algeria,China,1
Algeria,Burkina Faso,1
Algeria,Mauritania,1
Algeria,Niger,1
Algeria,Switzerland,1
Algeria,United Arab Emirates,1
Algeria,Senegal,1
Algeria,Belgium,1
Algeria,Mali,1
Algeria,Lebanon,1
Algeria,Jordan,1
Equatorial Guinea,France,1
Liberia,Guinea,1
Congo (Brazzaville),France,1
Burkina Faso,France,1
Mauritania,Guinea,1
Mauritania,France,1
Chad,France,1
Nigeria,France,1
Peru,France,1
Togo,France,1
Gabon,France,1
Djibouti,Saudi Arabia,1
Saudi Arabia,Djibouti,1
Sierra Leone,Guinea,1
Argentina,France,1
Benin,France,1
Guinea,Liberia,1
Guinea,Mauritania,1
Guinea,Sierra Leone,1
Guinea,France,1
France,Equatorial Guinea,1
France,Congo (Brazzaville),1
France,Mauritania,1
France,Chad,1
France,Nigeria,1
France,Peru,1
France,Togo,1
France,Gabon,1
France,Argentina,1
France,Benin,1
France,Guinea,1
France,Venezuela,1
France,Colombia,1
France,Central African Republic,1
Venezuela,France,1
Colombia,France,1
Central African Republic,France,1
Canada,Virgin Islands,1
Canada,Saint Kitts and Nevis,1
Canada,Costa Rica,1
Canada,Chile,1
Canada,Peru,1
Canada,Venezuela,1
Canada,Aruba,1
Canada,Australia,1
Canada,Guadeloupe,1
Canada,Haiti,1
Canada,Martinique,1
Australia,Canada,1
Saint Kitts and Nevis,Canada,1
Costa Rica,Canada,1
Chile,Canada,1
Guadeloupe,Canada,1
Haiti,Canada,1
Peru,Canada,1
Martinique,Canada,1
Venezuela,Canada,1
Aruba,Canada,1
Macedonia,Germany,1
Germany,Macedonia,1
Germany,Netherlands Antilles,1
Netherlands Antilles,Germany,1
Saint Lucia,Puerto Rico,1
Puerto Rico,Saint Lucia,1
Puerto Rico,Guadeloupe,1
Puerto Rico,Grenada,1
Puerto Rico,Martinique,1
Puerto Rico,Dominica,1
Puerto Rico,Venezuela,1
Puerto Rico,Barbados,1
Guadeloupe,Puerto Rico,1
Uruguay,United States,1
United States,Uruguay,1
Grenada,Puerto Rico,1
Martinique,Puerto Rico,1
Dominica,Puerto Rico,1
Venezuela,Puerto Rico,1
Barbados,Puerto Rico,1
Israel,Georgia,1
Georgia,Israel,1
Georgia,Greece,1
France,Georgia,1
Greece,Georgia,1
Spain,Moldova,1
Moldova,Spain,1
Moldova,Cyprus,1
Greece,Moldova,1
Puerto Rico,Anguilla,1
Anguilla,Puerto Rico,1
Chad,Sudan,1
Chad,Central African Republic,1
Central African Republic,Chad,1
Burma,Cambodia,1
Cambodia,Burma,1
Cuba,Haiti,1
Cuba,Nicaragua,1
Netherlands Antilles,Haiti,1
Suriname,Netherlands Antilles,1
Haiti,Netherlands Antilles,1
Netherlands Antilles,Suriname,1
Montserrat,Antigua and Barbuda,1
Antigua and Barbuda,Montserrat,1
Bolivia,Spain,1
Spain,Bolivia,1
Dominican Republic,Argentina,1
Argentina,Dominican Republic,1
Germany,Tajikistan,1
Tajikistan,Germany,1
Israel,Egypt,1
Egypt,Israel,1
Burkina Faso,Senegal,1
Burkina Faso,Ghana,1
Senegal,Burkina Faso,1
Ghana,Burkina Faso,1
United States,Azerbaijan,1
Azerbaijan,United States,1
